Country Name,Country Code,Access to electricity (% of population) [EG.ELC.ACCS.ZS] - 2016 [YR2016],"Air transport, registered carrier departures worldwide [IS.AIR.DPRT] - 2016 [YR2016]","Automated teller machines (ATMs) (per 100,000 adults) [FB.ATM.TOTL.P5] - 2016 [YR2016]","Borrowers from commercial banks (per 1,000 adults) [FB.CBK.BRWR.P3] - 2016 [YR2016]",Domestic credit provided by financial sector (% of GDP) [FS.AST.DOMS.GD.ZS] - 2016 [YR2016],Domestic credit to private sector (% of GDP) [FS.AST.PRVT.GD.ZS] - 2016 [YR2016],Ease of doing business index (1=most business-friendly regulations) [IC.BUS.EASE.XQ] - 2016 [YR2016],Electric power consumption (kWh per capita) [EG.USE.ELEC.KH.PC] - 2016 [YR2016],"Employers, total (% of total employment) (modeled ILO estimate) [SL.EMP.MPYR.ZS] - 2016 [YR2016]",Employment in agriculture (% of total employment) (modeled ILO estimate) [SL.AGR.EMPL.ZS] - 2016 [YR2016],Exports of goods and services (% of GDP) [NE.EXP.GNFS.ZS] - 2016 [YR2016],Fixed broadband Internet subscribers (per 100 people) [IT.NET.BBND.P2] - 2016 [YR2016],"Foreign direct investment, net inflows (% of GDP) [BX.KLT.DINV.WD.GD.ZS] - 2016 [YR2016]",Fuel exports (% of merchandise exports) [TX.VAL.FUEL.ZS.UN] - 2016 [YR2016],"GDP per capita, PPP (constant 2011 international $) [NY.GDP.PCAP.PP.KD] - 2016 [YR2016]","Government expenditure on education, total (% of GDP) [SE.XPD.TOTL.GD.ZS] - 2016 [YR2016]","Gross fixed capital formation, private sector (% of GDP) [NE.GDI.FPRV.ZS] - 2016 [YR2016]",High-technology exports (% of manufactured exports) [TX.VAL.TECH.MF.ZS] - 2016 [YR2016],Individuals using the Internet (% of population) [IT.NET.USER.ZS] - 2016 [YR2016],Informal payments to public officials (% of firms) [IC.FRM.CORR.ZS] - 2016 [YR2016],Labor force with advanced education (% of total working-age population with advanced education) [SL.TLF.ADVN.ZS] - 2016 [YR2016],Market capitalization of listed companies (% of GDP) [CM.MKT.LCAP.GD.ZS] - 2016 [YR2016],Mobile cellular subscriptions (per 100 people) [IT.CEL.SETS.P2] - 2016 [YR2016],"New business density (new registrations per 1,000 people ages 15-64) [IC.BUS.NDNS.ZS] - 2016 [YR2016]",New businesses registered (number) [IC.BUS.NREG] - 2016 [YR2016],Number of visits or required meetings with tax officials [IC.TAX.METG] - 2016 [YR2016],"Own-account workers, total (% of male employment) (modeled ILO estimate) [SL.EMP.OWAC.ZS] - 2016 [YR2016]","Population, total [SP.POP.TOTL] - 2016 [YR2016]",Population density (people per sq. km of land area) [EN.POP.DNST] - 2016 [YR2016],Public credit registry coverage (% of adults) [IC.CRD.PUBL.ZS] - 2016 [YR2016],Research and development expenditure (% of GDP) [GB.XPD.RSDV.GD.ZS] - 2016 [YR2016],Rural population (% of total population) [SP.RUR.TOTL.ZS] - 2016 [YR2016],"School enrollment, tertiary (% gross) [SE.TER.ENRR] - 2016 [YR2016]","Self-employed, total (% of total employment) (modeled ILO estimate) [SL.EMP.SELF.ZS] - 2016 [YR2016]",Tax payments (number) [IC.TAX.PAYM] - 2016 [YR2016],"Taxes on income, profits and capital gains (% of total taxes) [GC.TAX.YPKG.ZS] - 2016 [YR2016]",Telephone lines (per 100 people) [IT.MLT.MAIN.P2] - 2016 [YR2016],Time required to enforce a contract (days) [IC.LGL.DURS] - 2016 [YR2016],Time required to obtain an operating license (days) [IC.FRM.DURS] - 2016 [YR2016],Time required to register property (days) [IC.PRP.DURS] - 2016 [YR2016],Time required to start a business (days) [IC.REG.DURS] - 2016 [YR2016],Time to prepare and pay taxes (hours) [IC.TAX.DURS] - 2016 [YR2016],Time to resolve insolvency (years) [IC.ISV.DURS] - 2016 [YR2016],"Unemployment, total (% of total labor force) (modeled ILO estimate) [SL.UEM.TOTL.ZS] - 2016 [YR2016]","Wage and salaried workers, total (% of total employment) (modeled ILO estimate) [SL.EMP.WORK.ZS] - 2016 [YR2016]",CPIA property rights and rule-based governance rating (1=low to 6=high) [IQ.CPA.PROP.XQ] - 2016 [YR2016],"Literacy rate, adult total (% of people ages 15 and above) [SE.ADT.LITR.ZS] - 2016 [YR2016]"
Afghanistan,AFG,84.1371383666992,22770,1.07421538203442,3.05195383587665,-1.18049212834269,3.59847581413645,..,..,1.24399995803833,61.3489990234375,6.89624956045755,0.0253952904937299,0.480709517928724,..,1802.69556548499,..,..,..,10.5957264186601,..,..,..,62.3354168186364,0.186023874981728,3492,..,39.9179992675781,34656032,53.0834053242655,0.8,..,74.98,..,67.2480010986328,19,..,0.329501080793093,1642,..,250,7.5,275,2,8.84099960327148,32.7519989013672,2,..
Albania,ALB,100,306,33.8068122098151,157.797944425991,66.1618790118464,36.5577583244307,..,..,2.43499994277954,40.6590003967285,28.9234170998698,9.10277930034295,8.78673446886916,11.1789815992628,11356.3413288171,..,..,0.647750656841347,66.363444701023,..,..,..,115.152264870754,1.35232477197503,2679,..,26.9500007629395,2876101,104.967189781022,38.9,..,41.579,61.2137985229492,59.431999206543,34,16.5165155773985,8.49659712378705,525,..,19,5,261,2,15.2200002670288,40.568000793457,..,..
Algeria,DZA,99.439567565918,73465,8.66860435469889,39.065192136719,54.7527165854857,23.0174862015398,..,..,3.07800006866455,12.7349996566772,21.0017584940326,7.04221873133591,1.02947518020851,93.9921282481577,13921.1800218255,..,..,0.343523928820444,42.9455268800332,..,..,..,115.848053881229,..,..,..,26.5459995269775,40606052,17.0488949050296,3,..,28.541,42.663688659668,30.9050006866455,27,..,8.38473289646578,630,..,55,20,265,1.3,10.1999998092651,69.0950012207031,..,..
American Samoa,ASM,..,..,..,..,..,..,..,..,..,..,65.0455927051672,..,..,..,..,..,7.29483282674772,..,..,..,..,..,..,..,..,..,..,55599,277.995,..,..,12.802,..,..,..,..,..,..,..,..,..,..,..,..,..,..,..
Andorra,AND,100,..,..,..,..,..,..,..,..,..,..,42.0413814521034,..,..,..,3.27811002731323,..,..,97.9306371220021,..,..,..,98.5132179966615,..,..,..,..,77281,164.427659574468,..,..,11.752,..,..,..,..,50.069227882662,..,..,..,..,..,..,..,..,..,100
Angola,AGO,40.5206069946289,15482,..,18.1587749690844,28.7541518665455,21.1221649819262,..,..,4.93400001525879,49.1590003967285,30.0170371248796,0.427352310966578,4.30516364069576,..,5972.451512997,..,3.84804096882856,..,13,..,..,..,45.121698839185,..,..,..,56.1969985961914,28813463,23.1117855137563,1.9,..,35.851,..,71.4820022583008,31,68.5056055778278,1.05677335626058,1296,..,190,36,287,..,7.72399997711182,28.5179996490479,..,..
Antigua and Barbuda,ATG,97.3546676635742,40928,65.3509345183636,..,62.5202874996636,47.9619384248243,..,..,..,..,41.7005853833817,9.17266721472222,3.35152945266533,0,21013.0176273358,..,..,..,73,..,..,..,178.283133425116,4.01346452615225,279,..,..,100963,229.461363636364,0,..,75.154,..,..,57,..,22.289353525549,476,..,108,22,207,3,..,..,..,..
Argentina,ARG,100,149334,60.1037381390599,393.196311620749,38.1148083394719,13.7334129260203,..,..,3.93899989128113,0.551999986171722,12.5838323891873,16.4936759121344,0.587564212452168,2.53245061230712,18584.580004917,..,..,8.79281472735163,70.9689808206024,..,..,11.4625324986418,145.330506257721,..,..,..,20.3279991149902,43847430,16.0220668033281,41.6,..,8.373,..,25.0510005950928,9,21.8648726250116,22.6663911659133,995,..,51.5,24,359,2.4,8.69600009918213,74.9489974975586,..,..
Armenia,ARM,100,..,61.139439335971,..,54.3707768513385,48.8756443742773,..,..,0.887000024318695,34.0509986877441,33.1480049458355,10.2286776330545,3.20605773747274,3.8219981779404,8190.23928885988,2.75129008293152,14.5595770207508,5.93860928912599,64.3460297653742,..,66.2287979125977,..,117.428480971111,1.7357931428155,3573,..,33.7709999084473,2924816,102.733263083948,0,..,36.918,51.0801887512207,41.2150001525879,14,44.0693932244212,18.1763228866363,570,..,7,4.5,313,1.9,18.0400009155273,58.7849998474121,..,..
Aruba,ABW,95.5701446533203,..,126.019533027619,..,..,..,..,..,..,..,..,..,..,0.105049448266972,..,..,..,3.75873566084448,93.542453865048,..,..,..,..,..,..,..,..,104822,582.344444444444,..,..,56.808,..,..,..,..,..,..,..,..,..,..,..,..,..,..,..
Australia,AUS,100,682937,168.0283162457,..,182.772402132277,142.518425789207,..,..,6.21999979019165,2.63100004196167,19.2530266256288,30.5647287506744,3.52471986219263,27.6539209096296,44493.4808943831,..,..,14.7815586115506,88.2386580521762,..,..,105.004349206589,110.052090189742,15.5091237778664,246623,..,10.6630001068115,24210809,3.15150527836716,0,..,14.2,121.859008789063,17.1110000610352,11,71.6682796541899,33.9055439626412,402,..,4.5,2.5,105,1,5.71999979019165,82.8889999389648,..,..
Austria,AUT,100,149030,116.058588713345,..,129.889612397413,84.1801847579084,..,..,4.55999994277954,4.34800004959106,52.2618340403307,28.9630431661026,-7.66336096729233,1.70589776180728,44464.3502683082,..,..,17.5747647786539,84.3233312921004,..,77.8626022338867,30.9561751988113,163.794485784601,0.595666297009536,3486,..,6.6729998588562,8736668,105.869490929801,2.3,..,42.095,83.4552764892578,12.75,12,46.0835840982735,40.9451779741297,397,..,20.5,21,131,1.1,6.01000022888184,87.25,..,..
Azerbaijan,AZE,100,24009,32.7178963972138,..,38.9158020083525,26.5523349041294,..,..,13.1339998245239,36.3370018005371,46.4276493913136,18.5459359103442,11.8826533237788,87.5149826574534,16001.3233967209,..,..,2.08350108444463,78.2,..,..,..,104.76715758856,1.03166193047416,7218,..,21.6480007171631,9757812,118.043284177927,36.4,..,44.979,27.2368602752686,68.1999969482422,6,..,17.4824397534861,277,..,8.5,4.5,195,1.5,5,31.7999992370605,..,99.7900619506836
"Bahamas, The",BHS,100,49095,129.242165095614,..,76.7822752305977,51.9951346420245,..,..,4.27199983596802,3.92300009727478,35.8085278913403,21.4090360706691,0.622728388096767,..,27613.5179396955,..,..,..,80,..,..,..,92.0681334860134,..,..,..,14.3199996948242,391232,39.0841158841159,0,..,17.168,..,18.7870006561279,31,..,30.950433502372,532,..,122,21.5,233,3,12.6999998092651,81.2129974365234,..,..
Bahrain,BHR,100,55592,..,..,..,..,..,..,1.44799995422363,0.97299998998642,73.9663887650431,16.2934833784858,0.756860756645692,55.0308848101197,43642.9725745003,2.6645200252533,22.2584063242127,1.04816288352759,97.9999807024146,..,..,60.3190624969561,210.140748022518,..,..,..,1.47500002384186,1425171,1848.47081712062,0,..,10.91,46.5666694641113,3.26799988746643,13,..,19.6372224806707,635,..,31,9.3,27,2.5,1.2150000333786,96.7320022583008,..,..
Bangladesh,BGD,75.92,59728,7.76732260536525,73.0280149778907,61.4430090491249,45.2795104427428,..,..,2.80100011825562,41.140998840332,16.6497168819452,4.04561699194534,1.0509521880987,..,3319.35280468543,2.50031995773315,22.9877860561105,..,18.2469380029449,..,52.8800010681152,31.8042467185294,83.4492446712385,..,..,..,43.6720008850098,162951560,1251.83652147192,0.9,..,64.917,17.33251953125,60.451000213623,33,29.6788380759254,0.470190650522155,1442,..,244,19.5,435,4,4.34999990463257,39.548999786377,2.5,72.7587203979492
Barbados,BRB,100,..,23.8869755180216,..,..,..,..,..,0.86599999666214,2.85700011253357,36.4060895772844,32.4355429549888,5.04061673080006,3.55163818592689,16741.3797629383,5.09272003173828,..,24.3481458379211,79.5493978888735,..,..,68.369746414811,116.565846538197,..,..,..,15.8090000152588,284996,662.781395348837,0,..,68.807,..,16.7940006256104,28,..,49.0234950665974,1340,..,105,15,237,1.8,9.72000026702881,83.2060012817383,..,..
Belarus,BLR,100,26857,55.2196506789154,..,47.0412004350757,25.7170291419604,..,..,0.732999980449677,9.73099994659424,62.5093471231924,32.3577574867284,2.6128050216432,20.5103432503428,16773.1935504926,4.97945976257324,..,4.69403946187155,71.1130457603832,..,..,..,120.67315735521,1.09279175993158,7206,..,2.49799990653992,9501534,46.826346656153,70.1,..,22.339,87.0246200561523,3.28500008583069,7,5.56863482155522,47.630400793583,275,..,3,5,176,1.5,0.488000005483627,96.7149963378906,..,..
Belgium,BEL,100,147324,88.2275478229239,698.712685514165,153.690188455693,64.4874485896579,..,..,4.16800022125244,1.25100004673004,82.9377757420786,37.5961129664717,7.9164959229974,6.82584136026284,42083.6443038217,..,..,12.536063077866,86.5165,..,75.0233001708984,80.8785976574384,110.498346639076,3.72032972869501,27248,..,9.90100002288818,11331422,374.221334214003,95.3,..,2.081,..,14.8739995956421,11,54.6118857806665,38.4830881237543,505,..,56,4,136,0.9,7.82999992370605,85.1259994506836,..,..
Belize,BLZ,92.2143173217773,121581,40.0486992182494,166.03790208894,70.183547982125,55.0443118326148,..,..,5.13000011444092,15.0469999313354,49.6931105260034,5.99530186344882,1.79838239876414,5.65017366123765,7919.14724135852,..,..,..,44.57574032,..,..,..,61.8606146819492,3.86450887649267,911,..,22.2509994506836,366954,16.0874177992109,0,..,54.505,24.2573699951172,31.3990001678467,29,..,6.26781558451468,892,..,60,43,147,2,7.90999984741211,68.6009979248047,..,..
Benin,BEN,41.4026145935059,10,4.8456210878854,..,23.9975681465843,21.7873010121059,..,..,1.26300001144409,41.3190002441406,28.7062352229566,0.204970467145032,1.53602577541155,0.0469901131790205,2009.61832073663,..,18.6949154142622,2.83005446183473,11.994047908223,33.4,..,..,81.7903445987224,..,..,1.6,72.5879974365234,10872298,96.4198119900674,0.6,..,53.771,13.2017803192139,89.1169967651367,57,..,1.14863481482939,750,..,120,8.5,270,4,2.54399991035461,10.8830003738403,3,..
Bermuda,BMU,100,..,..,..,..,..,..,..,..,..,..,36.9685077676515,..,0.188917459553713,..,..,..,47.4396604353701,98,..,..,..,103.608147115104,..,..,..,..,65341,1306.82,..,..,0,..,..,..,..,33.0019783997665,..,..,..,..,..,..,..,..,..,..
Bhutan,BTN,100,6065,32.253913789406,..,53.4930306968599,47.0191418982501,..,..,0.0860000029206276,56.7569999694824,29.7179970288998,2.06689940019931,0.364986743839465,..,8253.29378307761,..,42.706656551806,..,41.7726445321672,..,..,..,87.5411932085263,0.0859875116860687,47,..,37.8629989624023,797765,20.9293753443345,0,..,60.572,..,71.4769973754883,18,53.457395551786,2.64250750534305,225,..,77,15,85,..,2.44199991226196,28.5230007171631,3.5,..
Bolivia,BOL,93.0391311645508,45722,..,..,76.3041074200835,63.9737731163013,..,..,3.75799989700317,27.3519992828369,24.488005709998,2.6413677150432,0.988080149462259,34.6062777884915,6707.95618414272,..,7.72763318411806,4.45749700399482,39.6975146032685,..,77.6417999267578,..,92.8207708349521,0.540399904906373,3612,..,26.371000289917,10887882,10.050661866519,15.4,..,31.262,..,35.0559997558594,42,..,7.966159074832,591,..,90,45,1025,1.8,3.05999994277954,64.9440002441406,..,..
Bosnia and Herzegovina,BIH,100,..,50.1207771504946,292.180263750645,56.7282634678456,53.1752788837108,..,..,4.56899976730347,19.2439994812012,35.4102498972007,18.8371526972125,1.61149467420099,6.66442385061739,11337.5702648861,..,..,2.61068663329421,60.26,..,..,..,96.7933210039991,1.13211236315783,2814,..,16.5289993286133,3516816,68.6878125,37.6,..,52.482,..,25.4249992370605,34,14.3148423502517,21.1836786456841,595,..,24,65,411,3.3,25.0599994659424,74.5749969482422,..,..
Botswana,BWA,60.6883964538574,7933,30.9359690432337,168.838900291292,16.0588617432647,31.5081327086162,..,..,2.88100004196167,26.048999786377,55.1097178655821,2.62445228551367,0.825162469610099,0.170939776290122,15727.167803336,..,24.1796456862082,0.397624563167079,39.36299738,..,..,..,146.160265924826,18.3660286784161,26613,..,11.7530002593994,2250260,3.97060328551515,0,..,32.067,23.9957008361816,17.8560009002686,34,47.1961196443007,6.31580350715028,660,..,12,48,152,1.7,17.117000579834,82.1439971923828,..,..
Brazil,BRA,100,826943,111.419480595594,549.234323350206,111.327117483136,62.2698821195814,..,..,4.39699983596802,10.1820001602173,12.4946188451866,12.8852472129388,4.36169775270045,6.34469227953539,14077.1214085544,..,..,13.4487063167767,60.8725400681261,..,77.3934020996094,42.2833639206053,117.536233367163,0.127907398520538,18393,..,25.1949996948242,207652865,24.844387028693,53.4,..,13.958,..,31.8850002288818,9.6,49.9783151339113,20.2279645888825,731,..,31.4,79.5,2038,4,11.6099996566772,68.1149978637695,..,..
British Virgin Islands,VGB,..,..,..,..,..,..,..,..,..,..,..,20.2961416783536,..,..,..,..,..,..,..,..,..,..,..,..,..,..,..,30661,204.406666666667,..,..,53.043,..,..,..,..,36.4208603763739,..,..,..,..,..,..,..,..,..,..
Brunei Darussalam,BRN,100,11058,75.2552200598341,386.413965394936,35.4773398376157,44.3021638340415,..,..,2.11999988555908,0.583999991416931,49.57777708236,8.53410712766661,-1.32054553923561,87.8839263651338,71788.7833914688,4.42540979385376,..,..,90,..,..,..,123.690441308519,2.47963275333853,760,..,4.50699996948242,423196,80.3028462998102,61.8,..,23.01,30.8623695373535,7.25600004196167,16,..,17.5363188687984,540,..,299,14.5,66.5,2.5,6.93499994277954,92.7440032958984,..,..
Bulgaria,BGR,100,12187,95.7001014170632,..,54.3406080320918,52.7659542823269,..,..,3.56599998474121,6.75299978256226,63.9787145211033,23.8041285598782,3.10954585099952,8.40735301536373,17794.5427573699,..,..,7.95768121794087,59.825547661014,..,72.4481964111328,..,125.834348314673,10.8884118532719,50753,..,7.57600021362305,7127822,65.6579034635225,66.9,..,25.671,71.2287979125977,11.7609996795654,14,25.7208559875123,20.7386418610182,564,..,19,23,453,3.3,7.57000017166138,88.2389984130859,..,..
Burkina Faso,BFA,19.1647129058838,3861,3.69233210641851,..,29.3657059679924,28.1138522682518,..,..,0.71399998664856,28.9220008850098,28.5446106981764,0.0743037555762006,3.40919593994256,1.09685736680245,1642.32200318544,..,13.4018037014487,4.38681780125663,13.96,..,..,..,82.6111889603765,..,..,..,44.0960006713867,18646433,68.1521673976608,0.3,..,71.866,5.56196022033691,87.9520034790039,45,26.5786292197526,0.406120570084369,446,..,67,13,270,4,6.39099979400635,12.0480003356934,3,..
Burundi,BDI,7.58847713470459,..,1.39618221729249,..,34.9732931277782,16.7378108200444,..,..,0.882000029087067,91.3669967651367,6.24095090504535,0.0374853301231828,0.00184302699096698,0,721.176561528182,..,8.90994411693985,..,5.17362677652886,..,..,..,50.9098863116022,..,..,..,84.6880035400391,10524117,409.817640186916,4,..,87.612,..,93.2269973754883,25,..,0.185668783423826,832,..,23,4,232,5,1.59099996089935,6.77299976348877,2,..
Cabo Verde,CPV,92.6115875244141,8745,45.703472662107,183.725287383971,84.9438608325909,62.1939607382916,..,..,2.37400007247925,67.8889999389648,38.4813839683496,2.88030988212618,7.44059844747276,..,6065.27874039611,5.43770980834961,..,..,50.3228178676892,..,..,..,111.564237526874,..,..,..,28.5550003051758,539560,133.885856079404,20,..,35.216,21.9570293426514,40.0139999389648,30,..,11.9957002001631,425,..,22,11,180,..,10.3249998092651,59.9860000610352,4,..
Cambodia,KHM,49.7706565856934,11933,..,..,71.0642421755267,81.673832852424,..,..,0.446000009775162,27.4360008239746,61.2815249294976,0.613524489020369,11.4256004992163,0.00785978490587738,3465.12556490306,..,..,0.432365532862983,32.3984517141849,66.3,..,..,126.348404459482,..,..,5.8,32.2439994812012,15762370,89.2950940403354,0,..,77.418,..,51.5769996643066,40,23.8158587996363,1.44179460322274,483,33,56,99,173,6,0.197999998927116,48.4230003356934,2.5,..
Cameroon,CMR,60.0747680664063,8212,..,..,18.6104527610573,15.6227898455902,..,..,3.54399991035461,62.0369987487793,18.5834807641979,0.196141598585173,2.06013610727623,6.17280127087333,3346.81779272084,..,17.8951710567914,..,25,45.6,..,..,79.8555914199932,..,..,4.4,70.2740020751953,23439189,49.5847115567684,8,..,44.821,..,75.1829986572266,44,..,4.48425497998246,800,35.4,86,16.5,648,2.8,4.26100015640259,24.8169994354248,2.5,..
Canada,CAN,100,1359442,222.989158097898,..,..,..,..,..,4.6100001335144,1.94799995422363,30.9678772747415,36.8903021899639,2.25372888493377,18.2840268524269,43238.2596047198,..,..,12.9347142393499,91.16,..,72.7596969604492,129.80626482581,84.7400133293572,0.0638817648195279,1564,..,10.6029996871948,36264604,3.98796548307529,0,..,18.7,..,15.3549995422363,8,77.7194964493222,41.7624533953349,910,..,4,1.5,131,0.8,7,84.6449966430664,..,..
Cayman Islands,CYM,100,..,..,..,..,..,..,..,..,..,..,40.3768616802436,..,..,..,..,..,..,79,..,..,..,157.419567185057,..,..,..,..,60765,253.1875,..,..,0,..,..,..,..,56.1441619353246,..,..,..,..,..,..,..,..,..,..
Central African Republic,CAF,13.9851121902466,..,..,..,30.4674224092633,12.7940542186556,..,..,1.74800002574921,85.6279983520508,12.729042974735,..,1.77712601734275,0.0467368663356127,642.873494030895,..,10.6500724778988,0.0873599427389017,4,..,..,..,27.1697273833903,..,..,..,64.6159973144531,4594621,7.37523034447334,3.1,..,59.382,..,69.0979995727539,56,..,0.0427456366912527,660,..,75,22,483,4.8,6.15999984741211,30.9020004272461,1.5,..
Chad,TCD,8.83089828491211,..,1.4070858476226,10.1245744387207,26.6177734367826,10.4507755965402,..,..,0.337999999523163,87.2490005493164,28.1916937349293,0.0724439982638349,5.94831599507069,..,1878.37848258326,..,20.8726468375798,..,5,..,..,..,38.6486239826444,..,..,..,61.640998840332,14452543,11.4775595616264,2.3,..,77.323,..,91.8379974365234,54,..,0.0922467416287916,743,..,44,60,766,4,5.78499984741211,8.16199970245361,2.5,22.3115501403809
Channel Islands,CHI,100,..,..,..,..,..,..,..,4.57000017166138,19.9950008392334,..,..,..,..,..,..,..,..,..,..,..,..,..,..,..,..,9.32400035858154,164541,866.005263157895,..,..,69.07,..,14.5729999542236,..,..,..,..,..,..,..,..,..,9.37800025939941,85.427001953125,..,..
Chile,CHL,100,116238,54.2936203203907,456.721588851316,126.254425674598,110.775642673734,..,..,4.07299995422363,9.47999954223633,28.1835563841894,16.2178665323935,4.94883281027587,0.770344728456313,22614.3936667162,..,..,6.94889325403681,83.56,..,76.3287963867188,84.9796189424649,130.111239942213,8.92547358599856,109974,..,20.4330005645752,17909754,24.0874017527154,48.4,..,12.578,90.3227615356445,27.826000213623,7,40.4315778793399,18.8446865322662,480,..,28.5,5.5,291,3.2,6.73999977111816,72.1740036010742,..,..
China,CHN,100,3952098,81.4514790150893,383.703539785131,215.182680594683,156.820241860039,..,..,3.35500001907349,18.3570003509521,19.658377570703,22.9851739297553,1.56151997957024,1.28597570796492,14400.8850630561,..,..,25.2361420030407,53.2,..,..,65.4163457524511,97.2521300341807,..,..,..,25.0069999694824,1378665000,146.850661963179,91.1,..,43.264,48.4410514831543,36.3769989013672,9,..,14.7220481841485,496.3,..,19.5,26.9,259,1.7,4.64900016784668,63.6230010986328,..,..
Colombia,COL,99.0044555664063,366188,41.1194004015319,236.403148028059,53.690741753918,47.5135008844674,..,..,3.93600010871887,16.0869998931885,14.7578065819375,12.1532425090208,4.94446285466371,49.9595994237909,13135.0098987578,4.48296022415161,..,9.82540373645253,58.1364935728703,..,75.3788986206055,37.0660316547257,120.618294060691,2.28108192264839,76334,..,43.4770011901855,48653419,43.8516620099144,0,..,19.892,58.7218399047852,51.0069999694824,12,35.2300230074925,14.6258662726252,1288,..,15,11,239,1.7,8.35000038146973,48.9930000305176,..,..
Comoros,COM,77.8442153930664,..,5.02572543205533,11.4481837237694,31.2872591696468,26.4962822515159,..,..,5.19099998474121,55.2330017089844,15.9421117206096,0.205379329588575,1.29985772701165,..,1411.15233885964,..,..,..,7.938322770803,..,..,..,57.1126733123764,..,..,..,50.2999992370605,795601,427.512627619559,7.9,..,71.381,..,69.0609970092773,33,..,1.64014374039248,506,..,30,16,100,..,4.34700012207031,30.9389991760254,3,..
"Congo, Dem. Rep.",COD,17.1473789215088,11513,..,..,11.604752427357,7.39090758546634,..,..,3.83299994468689,81.4120025634766,27.2189841724518,0.00127006459154793,3.44289418737562,..,805.064264107408,..,13.5767118034881,..,6.20997406030119,..,..,..,36.6912985957036,0.0388514980802519,1565,..,38.5429992675781,78736153,34.7306645199709,0.7,..,56.693,..,57.3650016784668,52,..,0,610,..,44,11.5,346,..,3.69199991226196,42.6349983215332,2,77.0426788330078
"Congo, Rep.",COG,56.5661697387695,10604,..,..,38.8632466765045,25.0169040553588,..,..,1.51499998569489,36.7229995727539,57.0842791746989,..,25.6079367623648,..,5250.86760824979,..,31.6003904992858,..,8.121949323466,..,..,..,105.817194943015,..,..,..,70.3769989013672,5125821,15.0097247437775,12.2,..,33.999,..,76.4069976806641,50,..,0.331654187690128,560,..,55,50,602,3.3,10.4209995269775,23.5930004119873,2.5,..
Costa Rica,CRI,100,46405,63.8793940161202,242.882537873993,79.1288781401479,60.1646579505254,..,..,7.77299976348877,12.21399974823,32.7909017463891,13.1573182818182,5.18964486086485,0.0521863777378032,15195.001412292,7.06338977813721,..,18.2583075336152,66.028712851114,..,73.7104034423828,5.12660428847576,171.50903984416,2.10082086855252,7028,..,13.8540000915527,4857274,95.1287504896201,30.5,..,22.265,53.9948196411133,21.7880001068115,10,29.1401182101582,17.4959452565369,852,..,19,22.5,151,3,8.97999954223633,78.2119979858398,..,..
Cote d'Ivoire,CIV,64.3,9463,6.86403889602444,..,32.0824954153759,22.5276619148365,..,..,1.98399996757507,48.8849983215332,29.3589981473367,0.575542142931869,1.58757835768097,..,3424.96402094039,..,13.9280270273943,..,41.21,29.2,51.7070999145508,..,115.848007414272,..,..,3.6,59.148998260498,23695919,74.5154685534591,0.3,..,50.119,..,75.3410034179688,63,12.0152384673135,1.22007506862258,525,43.9,30,7,270,2.2,2.59999990463257,24.6590003967285,3,..
Croatia,HRV,100,26171,127.928909137839,572.48397664676,84.9045533900003,60.5094301823073,..,..,5.19899988174438,7.60200023651123,49.0129677170087,24.7740173001224,3.63142816054815,9.44843987175635,21799.9328108641,..,16.8219256747088,11.6176682214858,72.6973060458944,..,73.3506011962891,39.3092907644315,104.772593226393,4.95543997633266,13618,..,7.30399990081787,4174349,74.5952287348106,0,..,43.597,67.4834594726563,13.9289999008179,35,..,34.0822853535204,650,..,62,7,206,3.1,13.1000003814697,86.0709991455078,..,..
Cuba,CUB,100,20058,..,..,..,..,..,..,24.3500003814697,18.2509994506836,..,0.125723445714711,..,..,..,..,..,..,42.98,..,..,..,34.7499673666271,..,..,..,10.1730003356934,11475982,110.324764468371,..,..,23.07,34.0593605041504,34.5970001220703,..,..,11.5197287691807,..,..,..,..,..,..,2.48900008201599,65.4029998779297,..,..
Curacao,CUW,100,..,..,..,..,..,..,..,..,..,..,26.8009863776973,..,..,..,..,..,..,61.855510740634,..,..,..,117.112900088473,..,..,..,..,159663,359.601351351351,..,..,10.728,..,..,..,..,37.1654818003275,..,..,..,..,..,..,..,..,..,..
Cyprus,CYP,100,2994,50.0662066469829,..,264.744142136549,226.125330010813,..,..,1.85599994659424,3.64299988746643,64.7101119155172,32.7704165686044,12.9361383474038,19.7577085166019,31331.3930028654,..,..,7.28218775272594,75.9003601905124,..,81.2068023681641,12.4607968401654,133.417274652859,16.5597428489262,13647,..,11.3249998092651,1170125,126.636904761905,0,..,33.119,..,14.4469995498657,28,36.8668065615199,37.7233466698047,1100,..,9,6,127,1.5,12.9499998092651,85.5530014038086,..,..
Czech Republic,CZE,100,43878,52.6691319483969,..,66.7431346422975,51.311603858176,..,..,3.14800000190735,2.90100002288818,79.5411083456939,28.9321019132411,5.55572442606841,1.88104119323463,31338.8752118175,..,..,13.8779987497323,76.4812013779572,..,70.5566024780273,..,117.661929703353,3.98340289274972,27881,..,13.4969997406006,10566332,136.851858567543,6.8,..,26.43,..,17.1809997558594,8,32.5418898601099,16.57335579944,611,..,28,9,234,2.1,3.95000004768372,82.8190002441406,..,..
Denmark,DNK,100,..,49.8318340674068,..,215.040983328832,169.934684181026,..,..,3.4300000667572,2.53200006484985,53.5840930278485,42.5701040114708,2.77911145826574,3.59253865128791,45991.2247756847,..,..,15.6724044174006,96.9677852516645,..,75.8078994750977,..,122.289810517396,9.91363173408448,36384,..,4.86800003051758,5728010,135.535705835029,0,..,12.358,81.0567474365234,9.08399963378906,10,51.6638284624776,27.2607919998179,485,..,4,3.5,130,1,6.17999982833862,90.9160003662109,..,..
Djibouti,DJI,51.7826919555664,..,9.61457942417974,34.5489056437581,34.5575902024312,30.1757358330208,..,..,2.42700004577637,30.5459995269775,33.7137357910575,2.57605326354909,9.06885077022288,..,..,..,14.8588343853211,..,13.1349151074,..,..,..,36.6373670454075,..,..,..,26.6110000610352,942333,40.6528472821398,0.4,..,22.472,..,41.6119995117188,35,..,2.64503100284082,1025,..,39,14,76,2.3,5.83699989318848,58.3880004882813,2.5,..
Dominica,DMA,100,..,39.9517380225436,..,33.6745016853111,46.5216426755831,..,..,..,..,48.3468639532731,21.0584284024312,5.43681117788858,..,10151.3425573111,..,..,..,67.03,..,..,..,106.664128469059,3.17351228978008,157,..,..,73543,98.0573333333333,0,..,30.12,..,..,37,..,18.1227309193261,681,..,42,12,117,4,..,..,4,..
Dominican Republic,DOM,100,1170,38.0088690920098,190.731654715048,56.3417275238808,28.1098375010657,..,..,3.2720000743866,12.6569995880127,24.920178332972,7.2060105226969,3.47801601425995,0.474102078901298,14120.2116371665,..,..,4.3765495024061,63.87,15.3,80.8376007080078,..,81.7757715406378,1.47607298981465,9990,2.1,39.9589996337891,10648791,220.42622645415,25.2,..,20.564,52.9928512573242,44.4020004272461,7,29.9406172052761,12.6313963716632,590,41.3,45,18.5,317,3.5,5.48999977111816,55.5979995727539,..,..
Ecuador,ECU,99.9368133544922,55430,54.64970251315,217.496055598003,36.0574377563861,29.1518932144828,..,..,3.23399996757507,26.9419994354248,19.679911077915,8.9191939880872,0.766009980940875,33.0978363692198,10424.2641539122,..,..,8.3702470613665,54.0629247288864,..,76.8405990600586,..,84.7251900327786,..,..,..,33.226001739502,16385068,65.9730552423901,0,..,36.466,..,48.2729988098145,8,..,14.9625439454996,613,..,38,48.5,664,5.3,4.59999990463257,51.7270011901855,..,94.350227355957
"Egypt, Arab Rep.",EGY,100,115856,..,..,119.600128703763,34.134862625264,..,..,10.576000213623,25.5739994049072,10.3454639403558,4.67052524216527,2.43500218055658,16.3492761982291,10324.1011436186,..,7.77356241234222,0.486580791772049,41.2480670885772,19,65.6720962524414,10.0090792809685,102.19750129067,..,..,3.2,12.0699996948242,95688681,96.1260545481943,7.1,..,57.268,34.4361915588379,30.7929992675781,29,..,6.39391194032657,1010,31.9,75,14.5,392,2.5,12.4099998474121,69.2070007324219,..,..
El Salvador,SLV,98.618896484375,28670,36.6447627453497,382.510648588293,88.7747301541439,51.0694319532549,..,..,4.05000019073486,18.6790008544922,27.8650326490913,6.23048574862697,2.00512219413194,1.77142669480845,7164.14349682179,3.45323991775513,..,4.61690633964926,28.997073045597,5.5,80.5155029296875,..,151.894109781327,0.532799953198697,2204,2.1,28.8640003204346,6344722,306.212451737452,28.7,..,29.499,28.0263996124268,40.0200004577637,41,39.2827124104639,14.7110779636996,786,30.9,31,16.5,248,3.5,4.42000007629395,59.9799995422363,..,..
Equatorial Guinea,GNQ,67.889289855957,22464,9.14748091443446,21.7435621336107,21.0143461781882,17.2530368084923,..,..,4.47200012207031,58.5789985656738,51.314646802451,0.276874964183088,0.479256499337017,..,24240.4282992522,..,2.51762331827815,..,23.779999971074,..,..,..,47.1268696428133,..,..,..,27.2999992370605,1221490,43.54688057041,9,..,28.862,..,40.4109992980957,46,..,0.89963896552571,475,..,23,149,492,..,6.19399976730347,59.5890007019043,..,..
Eritrea,ERI,46.6804618835449,714,..,..,..,..,..,..,2.56699991226196,83.9229965209961,..,0.0121098484351553,..,..,..,..,..,..,1.177118720157,..,..,..,10.212638846981,..,..,..,36.6209983825684,..,..,0,..,61.173,2.29246997833252,48.9370002746582,30,..,1.33381907280945,490,..,78,84,216,..,6.4520001411438,51.0629997253418,2.5,..
Estonia,EST,100,16179,69.9739411117315,531.36416211811,81.07766732906,71.9347455309917,..,..,3.88800001144409,3.89400005340576,78.9813617249699,30.0802625944613,3.17775504933314,8.06442536365102,28109.81704489,..,..,10.3438362689003,87.2373320920335,..,77.9625015258789,..,144.609895142033,20.7607422997778,17696,..,5.49900007247925,1315790,31.0401037980656,0,..,31.437,..,9.49600028991699,8,34.3982571284882,28.2366001697599,455,..,17.5,3.5,56,3,6.76000022888184,90.5039978027344,..,..
Eswatini,SWZ,65.7902069091797,..,31.1584275221677,98.5189043650341,22.3108300923952,21.5892042720617,..,..,1.49199998378754,68.3970031738281,49.5163482340805,0.521183115453973,0.7270222695088,..,7723.6410594802,..,6.06534619112115,..,28.5735227827685,17,79.1753997802734,..,74.0824571252433,..,..,3.7,18.4120006561279,1343098,78.0870930232558,0,..,76.541,..,20.6019992828369,33,..,3.12709869272384,956,5.3,21,30,122,2,26.3479995727539,79.3980026245117,..,..
Ethiopia,ETH,42.9,94330,..,..,..,..,..,..,0.583000004291534,68.9850006103516,7.94801972649952,0.545881400029741,5.46424632650681,0.00190810803543187,1608.29347611692,..,23.8821738402636,17.2435008060304,15.3669238595896,..,..,..,50.0218762703461,..,..,..,31.9099998474121,102403196,102.403196,0.2,..,80.134,..,88.7580032348633,30,..,1.12008222868357,530,..,52,35,306,3,5.09299993515015,11.2419996261597,3,..
Faroe Islands,FRO,100,..,..,..,..,..,..,..,..,..,..,36.592218580125,..,..,..,..,..,..,95.1086816720257,..,..,..,110.933078160311,..,..,..,..,49117,35.1840974212034,..,..,58.223,..,..,..,..,41.1120386017061,..,..,..,..,..,..,..,..,..,..
Fiji,FJI,98.6460494995117,20906,50.7965396026028,..,121.065600582793,89.1027796928078,..,..,1.45299994945526,39.1949996948242,26.4072560040879,1.37211268859317,6.03325978199359,0.0216247864475238,8447.26417897152,..,..,2.25194497862787,46.5069783122217,..,70.2572021484375,..,116.23625884552,..,..,..,24.4769992828369,898760,49.1932129173508,0,..,44.765,..,39.7610015869141,38,..,8.25381636921981,397,..,69,40,247,1.8,6.23799991607666,60.2389984130859,..,..
Finland,FIN,100,162119,31.7047388422443,..,154.607851770147,94.7597706849328,..,..,4.05900001525879,3.86500000953674,36.0327751850324,31.1095572484905,1.88704870798974,7.67231086975305,39659.1660392991,..,..,8.44146076250197,87.7036499599455,..,73.3147964477539,..,133.852867785109,3.94841780012987,13590,..,9.4709997177124,5495303,18.0831978676495,0,..,14.725,86.9920196533203,14.0649995803833,8,28.1502405437613,8.30981339353663,485,..,47,14,93,0.9,8.81999969482422,85.9349975585938,..,..
France,FRA,100,599427,104.380441132115,..,155.20042466732,97.6173040266216,..,..,4.30800008773804,2.87199997901917,30.1554630596868,42.7436728502122,1.43634149692101,2.39780862475321,38062.6397284874,..,..,26.669379348586,79.27,..,75.8787002563477,87.5833254646163,104.40401670625,1.83637303757735,76276,..,7.20300006866455,66859768,122.105585354584,46.7,..,20.083,..,11.914999961853,9,49.0497377885053,60.2682078945697,395,..,64,3.5,139,1.9,10.0600004196167,88.0849990844727,..,..
French Polynesia,PYF,100,..,..,..,..,..,..,..,14.5620002746582,8.60000038146973,..,19.7863729800719,..,..,..,..,..,..,68.440419493378,..,..,..,99.965382858448,..,..,..,13.0069999694824,280208,76.5595628415301,..,..,38.266,..,27.8880004882813,..,..,21.6018100839376,..,..,..,..,..,..,20.9909992218018,72.1119995117188,..,..
Gabon,GAB,91.3955001831055,2305,..,..,23.1869058792386,13.8290496474382,..,..,2.13199996948242,41.3009986877441,44.1279811325295,0.758566835001359,5.01770094568184,..,16756.6944675998,..,22.7239910475778,..,48.0522737506185,..,..,..,149.636677903571,..,..,..,31.3269996643066,1979786,7.68341677339232,50.8,..,11.441,..,34.1319999694824,26,..,0.956972117188423,1160,..,102,47,488,5,19.886999130249,65.8679962158203,..,..
"Gambia, The",GMB,47.7570877075195,440,..,..,..,..,..,..,1.72599995136261,27.2409992218018,22.962226640159,0.183958702988127,-0.158550463787463,0.686565289596288,1554.89713835209,..,12.3196322067594,1.25046300471275,18.5,..,..,..,139.226176489489,..,..,..,56.8019981384277,2038501,201.43290513834,0,..,40.082,..,72.9530029296875,49,..,1.86259413166832,407,..,66,25,326,2,9.43200016021729,27.0470008850098,3,..
Georgia,GEO,100,3199,74.305727239335,723.890707151557,65.4393190533362,61.8525307019859,..,..,1.13199996948242,41.2449989318848,43.6042433337594,17.6068966132157,11.1804347360962,3.70968599105172,9276.76624499826,3.78477001190186,25.251014502505,3.89919177974105,59.26,..,..,..,140.924949145375,8.37019718502813,21262,..,32.8339996337891,3719300,65.0705063158263,0,..,42.163,51.8827590942383,57.5670013427734,5,37.9876796714579,21.4100455876527,285,..,1,2,270,2,11.7600002288818,42.4329986572266,..,..
Germany,DEU,100,962803,118.797005824395,..,133.762344746426,77.2251713554174,..,..,4.43900012969971,1.30799996852875,46.1192411062165,39.0650407536271,1.66935764076614,1.7296536936629,44431.8228379944,..,..,16.9051898591463,89.6471005903368,..,74.28759765625,49.3427840395663,126.314367711806,1.30195024488152,70720,..,5.61600017547607,82348669,236.023700200631,1.9,..,22.776,..,10.4460000991821,9,44.077622108551,55.3014483168534,499,..,52,10.5,218,1.2,4.11999988555908,89.5540008544922,..,..
Ghana,GHA,79.3,21628,5.27252020858136,44.6743759160064,34.2857694908312,19.7499155002117,..,..,7.06099987030029,41.2400016784668,41.0803699905105,0.307004768507712,8.14262060135501,22.1469211356084,3982.76946707348,..,..,1.50926341447118,34.66600065,..,..,..,135.801210264445,..,..,..,42.9249992370605,28206728,123.963821745627,0,..,45.251,16.0675792694092,73.1989974975586,32,..,0.891595792323023,710,..,47,14,224,1.9,2.25999999046326,26.8010005950928,4,..
Gibraltar,GIB,100,..,..,..,..,..,..,..,..,..,..,47.674959311788,..,..,..,..,..,..,94.4444715818151,..,..,..,119.553592187863,..,..,..,..,34408,3440.8,..,..,0,..,..,..,..,49.4855847477331,..,..,..,..,..,..,..,..,..,..
Greece,GRC,100,128454,59.4354923490767,..,126.033827632035,108.782319601983,..,..,7.43499994277954,12.3730001449585,30.458732552658,32.324041490324,1.58844378045947,27.5197754805325,24211.7408896851,..,..,11.4442841031658,69.0879154723892,..,76.6423034667969,19.2863626335115,112.117716508538,..,..,..,22.8339996337891,10775971,83.5994647013189,0,..,21.613,..,34.1650009155273,8,34.1396809013891,46.5046680369924,1580,..,20,13,193,3.5,23.5400009155273,65.8349990844727,..,..
Greenland,GRL,100,..,..,..,..,..,..,..,..,..,38.980966550098,..,..,5.58627849001575E-05,..,..,..,2.24112800482959,68.500873675421,..,..,..,..,..,..,..,..,56186,0.136888780606651,..,..,13.674,..,..,..,..,..,..,..,..,..,..,..,..,..,..,..
Grenada,GRD,92.344367980957,..,45.5621226886715,..,53.6173534103688,54.0001063222014,..,..,..,..,56.1039533764523,19.4013995918634,8.6406647367185,..,13167.0521552704,10.2931299209595,..,..,55.8564078225865,..,..,..,110.861280132691,2.58216621291644,184,..,..,107317,315.638235294118,0,..,63.928,91.3576507568359,..,42,..,24.9503806479868,688,..,32,15,140,..,..,..,3.5,..
Guam,GUM,100,..,..,..,..,..,..,..,4.74399995803833,8.86800003051758,19.4027274296565,..,..,..,..,..,20.6110823407561,..,77.009999893206,..,..,..,..,..,..,..,23.2590007781982,162896,301.659259259259,..,..,5.383,..,29.7730007171631,..,..,..,..,..,..,..,..,..,5.40000009536743,70.2269973754883,..,..
Guatemala,GTM,91.7792282104492,3102,35.8420385871788,..,41.910574298797,34.3457720744577,..,..,2.93700003623962,29.3770008087158,19.5421021395766,3.05141532301372,1.71051195306426,3.20233682509174,7368.61032177815,2.82871007919312,..,5.44699554407166,34.5093260915602,..,74.7358016967773,..,110.14354979346,..,..,..,26.2000007629395,16582469,154.744951474431,17.7,..,49.681,..,37.5110015869141,8,37.9275875499195,14.8034529719308,1402,..,24,26.5,256,3,2.82999992370605,62.4889984130859,..,..
Guinea,GIN,33.5,..,2.24345402181198,13.5890216577443,22.8708386492348,9.62309136908107,..,..,1.50999999046326,67.7470016479492,29.42903111028,0.00887388467370403,16.2961372918189,..,1894.44129905562,..,45.3886212788924,..,9.8,48.7,..,..,87.1254131600032,..,..,2.9,56.5610008239746,12395924,50.4473547126811,0,..,64.54,..,91.6129989624023,33,..,0,311,..,44,8,400,3.8,4.51000022888184,8.38700008392334,2.5,..
Guinea-Bissau,GNB,14.6557903289795,..,4.81086689934912,..,23.4078132668832,6.82423652445553,..,..,1.43499994277954,83.5979995727539,26.5081142987706,0.0397092468020563,1.20706549521845,..,1498.83983814272,..,1.66585781225958,..,3.761413832337,..,..,..,70.817669017645,..,..,..,63.3569984436035,1815698,64.5696301564723,0.1,..,57.467,..,66.6589965820313,46,..,0,1785,..,48,8.5,218,..,6.14499998092651,33.3409996032715,2,..
Guyana,GUY,84.2429046630859,..,19.0542496473132,..,61.6122170067995,44.7150170783796,..,..,4.54500007629395,14.3290004730225,45.8444320677298,7.3972298051346,0.91320939069249,0.000576782790634116,7266.3352852239,..,21.732466717617,0.177512412395614,35.66,..,..,..,75.6054224540704,..,..,..,25.806999206543,773303,3.92838709677419,0,..,73.518,..,34.2309989929199,35,..,18.3104164861639,581,..,75,18,256,3,11.7550001144409,65.7689971923828,3,..
Haiti,HTI,38.6901664733887,..,..,..,31.5583698778831,18.4564440778465,..,..,0.996999979019165,41.4889984130859,20.7218440105401,0.0124270166291551,1.31607850593917,..,1654.17053675815,..,32.2870472265862,..,12.2326016070408,..,..,..,59.9595255387176,..,..,..,83.8539962768555,10847334,393.58976777939,1.6,..,46.604,..,88.4980010986328,47,..,0.0524737230364622,530,..,312,97,184,..,14.0019998550415,11.5019998550415,2,..
Honduras,HND,87.5766296386719,24315,23.9726915546104,112.068361882286,60.5694746883661,55.9037037291379,..,..,11.1800003051758,28.4930000305176,42.6109376571228,2.41840465794135,5.29954625738536,0.0246348646820727,4406.77353237576,..,18.8995897331515,2.48277561295263,30,10.9,80.5740966796875,..,85.9532131874634,..,..,2.1,28.5729999542236,9112867,81.444874430244,22.8,..,44.187,..,48.3619995117188,48,..,4.86047914448878,920,48.9,22,13,224,3.8,4.67000007629395,51.6380004882813,2.5,88.9874801635742
"Hong Kong SAR, China",HKG,100,235581,50.5903064159194,..,210.617093106727,203.802440323819,..,..,3.01600003242493,0.216999992728233,186.99895133083,35.9589820019409,41.5291359384113,4.22623156899437,54412.9249387607,3.29243993759155,..,12.121234474299,87.477846264841,..,71.8600006103516,995.145780043764,240.796207723485,27.3417802738651,144883,..,5.63800001144409,7336600,6987.2380952381,0,..,0,71.7760696411133,9.0019998550415,3,..,59.1323954246312,385,..,27.5,1.5,72,0.8,3.3529999256134,90.9980010986328,..,..
Hungary,HUN,100,137605,59.4033208016578,470.108366778947,57.849657767067,34.1226674406104,..,..,4.95100021362305,5.03999996185303,89.5368336593232,28.857202002075,55.4899307761161,1.82746262413012,25664.136004531,..,..,14.0383384847731,79.2594013161699,..,70.9356002807617,17.9255752723699,120.778925573866,3.38169914327663,22328,..,5.51100015640259,9814023,108.406307301447,0,..,29.221,48.0306510925293,10.7729997634888,11,30.8498636447272,31.9865181778316,605,..,17.5,7,277,2,5.1100001335144,89.2269973754883,..,..
Iceland,ISL,100,41022,89.1912144403393,..,97.4223925018184,86.216957589264,..,..,4.03200006484985,3.89499998092651,48.3775398525959,38.5061689034331,-5.25158493690747,1.3092040043414,45630.9381699818,..,..,23.2478962473051,98.2400162999185,..,89.6576995849609,..,120.795310309979,12.1422652814074,2667,..,7.90399980545044,335439,3.34602493765586,0,..,6.265,..,11.9700002670288,21,25.4882517788887,49.4974043083068,417,..,3.5,11.5,140,1,2.98000001907349,88.0299987792969,..,..
India,IND,84.5268173217773,917625,21.2357749214797,..,75.033801729654,49.5452998484093,..,..,1.53799998760223,43.4440002441406,19.3149223942124,1.40867810979696,1.9548848271548,10.7712449865161,6095.72279590336,..,24.7765941020793,7.12968947378722,29.5471628858754,..,..,68.8884012220315,85.1709256957691,0.107476831889666,93714,..,64.2990036010742,1324171354,445.370579747678,0,..,66.818,26.9285907745361,79.0810012817383,27,..,1.84296389785819,1445,..,53,28.5,249,4.3,3.50500011444092,20.9190006256104,..,..
Indonesia,IDN,97.62,823735,54.745027175833,446.448944191818,47.9361711047711,39.3864004742342,..,..,3.53200006484985,31.8199996948242,19.1209518518101,2.0019469854745,0.487174266144051,19.3036301900685,10766.3714478177,..,..,5.78637684993437,25.45,..,79.9269027709961,45.6706681168263,147.663950616543,0.333015857000371,58426,..,33.8349990844727,261115456,144.137657391103,51.8,..,46.011,27.9394702911377,51.1049995422363,43,51.9710534521193,4.11806798598701,471,..,27.6,24.9,221,1.1,4.11999988555908,48.8950004577637,..,95.3769683837891
"Iran, Islamic Rep.",IRN,100,159754,71.6860701108502,..,77.6480732644629,66.0636319257623,..,..,3.60400009155273,17.9790000915527,22.4040282071832,9.12436806022236,0.804818002229444,..,18497.6743334441,3.36576008796692,13.8541858346653,..,53.2267726333568,..,50.6300010681152,26.5891480752529,100.302477304081,..,..,..,36.0989990234375,80277428,49.2874505758982,51,..,26.12,68.8461303710938,45.0800018310547,20,..,38.2381059841628,505,..,12,15.5,344,4.5,12.4300003051758,54.9199981689453,..,..
Iraq,IRQ,100,10579,2.40032058519002,..,..,..,..,..,4.32000017166138,18.3990001678467,32.5216609864216,..,0.0853699062654169,99.98648514051,16242.0690194963,..,9.2,..,21.23,..,..,..,89.9050743050776,2.94080113911128,2020,..,21.7689990997314,37202572,85.6570547062074,0,..,29.906,..,39.632999420166,15,63.7920607505454,5.45929996452933,520,..,51,34.5,312,..,7.90899991989136,60.367000579834,..,..
Ireland,IRL,100,836293,90.2556630899203,..,98.8321900546183,47.4497862770991,..,..,4.66900014877319,5.60400009155273,121.582355077947,28.7806295198683,25.9706083975334,0.580671154871847,63227.2079765883,..,..,29.0897906121416,85.0111321151019,..,78.1555023193359,39.3113879195747,103.153523915602,6.71368076658263,20750,..,11.5059995651245,4755335,69.027943097692,0,..,37.263,..,16.9209995269775,9,54.1732679006144,40.1434762608658,650,..,31.5,5,82,0.4,7.8899998664856,83.0790023803711,..,..
Isle of Man,IMN,100,..,..,..,..,..,..,..,..,..,..,..,..,..,..,..,..,..,..,..,..,..,..,32.6705305394561,1832,..,..,83737,146.90701754386,..,..,47.657,..,..,..,..,..,..,..,..,..,..,..,..,..,..,..
Israel,ISR,100,50548,111.003277699788,..,81.109758623317,65.5823168923254,..,..,3.62700009346008,1.07500004768372,30.2672893653797,27.5640552999892,3.74592983686018,1.37846008149233,32688.4081041526,..,..,18.3810595760932,79.6531241815281,..,..,67.3439067422973,129.031029460091,3.43573172574593,17802,..,12.164999961853,8546000,394.916820702403,0,..,7.744,64.1639099121094,15.8900003433228,33,43.6684820526413,40.775062660007,975,..,81,12,235,2,4.80000019073486,84.1100006103516,..,..
Italy,ITA,100,277671,94.1380708485236,530.211305534314,170.643876512309,85.6916403308347,..,..,6.50099992752075,3.8840000629425,29.8015328373315,26.1876076666949,1.05604341735863,2.67671520547539,34655.2627627333,..,..,7.48838336089443,61.3242527666303,..,72.8825988769531,..,144.634014257259,2.64761273779229,102135,..,16.1280002593994,60627498,206.117828245053,29,..,30.145,..,23.9969997406006,14,51.7481550395394,34.1026319091903,1120,..,16,6.5,240,1.8,11.6899995803833,76.0029983520508,..,..
Jamaica,JAM,98.2042694091797,1128,31.7646979312396,..,53.7215903343918,32.0640478626335,..,..,3.15100002288818,18.4169998168945,31.3665053692203,9.92824556502062,5.62321253057779,15.9453115331209,8179.62033999721,5.31865978240967,..,0.428804182509723,44.3668563671334,..,..,..,113.39609315756,1.30616161066214,2543,..,36.7910003662109,2881355,266.053093259464,0,..,44.902,..,40.9980010986328,11,34.8421110931356,10.7662193655416,550,..,18,10,268,1.1,13.1899995803833,59.0019989013672,..,..
Japan,JPN,100,984320,127.7969276653,..,345.149319478516,161.714798486094,..,..,2.04299998283386,3.50200009346008,16.1191525683736,31.1593341207815,0.794528059194625,1.41410732210395,38282.5046733349,..,..,16.2207455666725,93.1827212821617,..,69.6600036621094,100.12176151687,130.610328904572,..,..,..,6.21199989318848,126994511,348.350096006144,0,..,8.54300000000001,..,10.6440000534058,14,52.2077222608789,50.1760666286581,360,..,13,12.2,151,0.6,3.13000011444092,89.3560028076172,..,..
Jordan,JOR,100,38161,27.1225003289447,..,108.310968153097,75.1099203225208,..,..,6.14699983596802,3.63800001144409,35.1424680603269,4.8288870684898,4.01751050133921,0.106914044549968,8389.60457395155,3.89620995521545,18.2439519387592,1.91919462231635,62.3021925670712,..,..,63.5729513045244,103.83514798639,0.598769450678493,3450,..,9.21500015258789,9455802,106.508245100248,2.5,..,9.494,36.2593612670898,15.7040004730225,25,..,4.27369354815171,689,..,17,12.5,145,3,15.2749996185303,84.2959976196289,..,..
Kazakhstan,KAZ,100,73188,74.0005856954933,..,43.2984427926717,33.0317636300263,..,..,1.42599999904633,17.8899993896484,31.8438886422836,13.0639008711269,12.2230275673779,60.7352695416112,23447.015704281,2.97810006141663,..,30.3899640409814,74.5877264735738,..,..,29.2553221457192,141.956719845121,2.24454553432319,26319,..,25.0090007781982,17794055,6.59112308775049,0,..,42.736,46.1217308044434,26.5790004730225,7,41.1567706922005,21.8543345310383,370,..,3.5,9,178,1.5,4.96000003814697,73.4209976196289,..,..
Kenya,KEN,56,99428,9.27118049354794,272.732753056104,42.5685440535864,32.6922706419951,..,..,7.60599994659424,38.0909996032715,13.9712185348029,0.315697591866974,0.555002206048105,..,2926.53250207873,..,..,..,16.6,..,..,..,80.4393881856936,..,..,..,19.2859992980957,48461567,85.1487630459992,0,..,73.895,..,62.0820007324219,31,..,0.150224197248925,465,..,61,23,195.5,4.5,11.5200004577637,37.9179992675781,3,..
Kiribati,KIR,84.9362716674805,..,..,..,..,..,..,..,..,..,11.0964114369198,0.0576948293194633,1.13754497414436,12.3131371798869,1955.15579891088,..,..,4.07410138124489,13.7,..,..,..,45.4565321910923,..,..,..,..,114395,141.228395061728,0,..,47.55,..,..,11,29.7078638070371,0.574325800952839,660,..,513,31,168,..,..,..,3.5,..
"Korea, Dem. People’s Rep.",PRK,39.2442245483398,522,..,..,..,..,..,..,1.07799994945526,67.2259979248047,..,..,..,..,..,..,..,..,..,..,..,..,14.2144113475625,..,..,..,27.9580001831055,25368620,210.685325139108,..,..,38.529,..,67.0439987182617,..,..,4.6514158042495,..,..,..,..,..,..,4.72100019454956,32.9560012817383,..,..
"Korea, Rep.",KOR,100,473606,..,..,169.630377168523,142.955286072606,..,..,5.36899995803833,4.90399980545044,42.2842014732736,40.470380731234,0.855545972716298,5.42554064114917,35020.4115062331,..,25.2486560367795,26.5832050303408,92.8430256796075,..,..,88.6724269917178,120.679704974329,2.58162712718101,96155,..,20.0170001983643,51245707,525.704831760361,0,..,18.438,..,29.4780006408691,12,50.6777652529713,55.1969694234234,290,..,5.5,4,188,1.5,3.71000003814697,70.5220031738281,..,..
Kosovo,XKX,100,..,38.3268809808933,74.7521025414702,34.0870661677436,38.7136262390687,..,..,..,..,23.2885286947355,..,3.62936692691499,..,9451.90893950694,..,17.3255584107531,..,..,..,49.4500007629395,..,..,3.14316391367595,3993,..,..,1816200,166.822816202811,38.1,..,..,..,..,10,..,..,330,..,27,6,155,2,..,..,3,..
Kuwait,KWT,100,33387,62.1717714551942,210.989633458218,94.4736672774916,103.771636035885,..,..,0.592000007629395,3.47900009155273,48.2322885640441,2.50186054132376,0.263295018689014,89.690293347968,68861.7920978832,..,..,1.91050671147353,78.36738376,..,..,..,133.070801246809,..,..,..,1.86199998855591,4052584,227.4177328844,14.5,..,0,..,2.48099994659424,12,..,9.95004668626239,566,..,70,61.4,98,4.2,2.23099994659424,97.5189971923828,..,..
Kyrgyz Republic,KGZ,99.9961013793945,23120,31.2070419857198,95.4280136881327,18.1731318206932,19.9782851775613,..,..,2.63000011444092,26.7929992675781,35.8254088751692,4.04438814762379,9.0886882786326,6.78841132309303,3309.85992947551,..,..,18.4904063500974,34.5,..,..,..,127.835259264433,1.27156587051255,4936,..,27.3589992523193,6079500,31.6970802919708,0,..,64.056,45.8890419006348,39.2490005493164,51,19.2703959412492,6.41648871490903,410,..,3.5,10,225,1.5,7.21000003814697,60.7509994506836,3,..
Lao PDR,LAO,87.0957717895508,9986,24.2796429495575,28.8193818513771,..,..,..,..,0.42399999499321,61.9949989318848,33.2093967627022,0.36141941683129,6.31062792040529,0.251247799063755,6073.22369456346,..,21.1507249939249,33.5807026179551,21.87,70.2,..,..,58.5721106902821,..,..,5,50.5559997558594,6758353,29.2822920277296,10.9,..,66.264,17.2060298919678,83.2750015258789,35,19.995189001967,18.7413264740685,443,16.3,53,67,362,..,0.66100001335144,16.7250003814697,3,..
Latvia,LVA,100,42392,62.0472740728337,376.785231343547,81.8195259190593,67.6396820355078,..,..,4.2480001449585,7.69199991226196,60.0419881281174,26.3459069387424,0.883172031686238,4.50011317839341,23743.2578198778,..,..,12.5096874948083,79.8420977843089,..,83.3852005004883,..,134.495440313012,8.03669556127961,10318,..,7.80999994277954,1959537,31.5139433901576,84.9,..,31.979,..,12.9119997024536,7,18.5106055996113,18.4183950510776,469,..,16.5,5.5,168.5,1.5,9.64000034332275,87.0879974365234,..,..
Lebanon,LBN,100,24549,39.0544765295229,234.095756000351,209.588248526744,107.246223437749,..,..,11.2410001754761,3.20000004768372,25.4944752124526,21.6426145077437,5.26258818665033,0.614915697943183,13267.8856986827,..,23.0085581522654,2.37167115564393,76.11,..,..,24.5233425572935,81.4184095075673,..,..,..,22.1900005340576,6006668,587.162072336266,22,..,11.734,38.1969108581543,37.0820007324219,20,28.9115829557524,30.237429470049,721,..,34,15,181,3,6.5789999961853,62.9179992675781,..,..
Lesotho,LSO,29.7333087921143,..,..,..,9.37654390034229,16.8068294601861,..,..,0.671000003814697,10.6800003051758,42.2454031347789,0.101187891394083,3.42500752073302,..,2736.3548946839,..,..,..,27.36,13.8,..,..,103.589039218702,..,..,1.7,53.0989990234375,2203821,72.5896245059289,0,..,72.683,..,59.7509994506836,32,32.3265460426704,1.86757454439358,615,1.9,43,29,324,2.6,27.7819995880127,40.2490005493164,3.5,..
Liberia,LBR,19.8,..,..,..,..,..,..,..,2.66000008583069,43.9980010986328,21.4183722037125,0.173392000516708,21.5697287006188,..,753.557379048622,..,12.4702522608282,..,7.31910641139578,..,..,..,67.5579015493226,0.01,31,..,62.5190010070801,4613823,47.9009862956811,1.7,..,49.746,..,80.4160003662109,33,..,0.173392000516708,1300,..,44,6,139.5,3,2.33800005912781,19.5839996337891,2.5,..
Libya,LBY,98.5367279052735,10764,..,..,45.365876799981,29.2445662734439,..,..,5.02400016784668,16.806999206543,..,2.68414443214026,1.52696587866719,..,14298.4550473411,..,..,..,20.27215956269,..,..,..,121.718735922424,..,..,..,25.7840003967285,6293253,3.57664673721541,0.5,..,20.46,..,41.5989990234375,19,..,21.8393889455898,690,..,..,35,889,..,18.4230003356934,58.4010009765625,..,..
Liechtenstein,LIE,100,..,..,..,..,..,..,..,..,..,..,42.30605851431,..,..,..,..,..,..,98.0939038921672,..,..,..,117.607391281262,1.32450331125828,34,..,..,37666,235.4125,..,..,85.697,35.0226211547852,..,..,..,43.5007699251314,..,..,..,..,..,..,..,..,..,..
Lithuania,LTU,100,9719,48.1978705238516,..,52.2132826479163,42.9343694165779,..,..,2.36500000953674,7.97599983215332,74.4514483257309,29.4940701432374,2.24977620379739,13.9618649770983,28033.8739289417,..,..,11.7485602780508,74.3766455618662,..,81.9736022949219,..,144.578129314237,3.327539475242,6352,..,9.06400012969971,2868231,45.7818196328811,37.8,..,32.634,65.9857177734375,12.3620004653931,11,33.0431557292888,18.2539734390006,370,..,3.5,5.5,171,2.3,7.8600001335144,87.6380004882813,..,..
Luxembourg,LUX,100,48255,110.616537246997,..,196.67472612893,102.386998062458,..,..,3.93099999427795,1.02600002288818,221.26777554408,35.2759111206832,45.8071985406331,0.0776985091548475,94920.9587222948,..,..,7.60072487833312,98.1366986657616,..,76.6365966796875,103.886730942053,132.697174279675,15.3465395494195,6207,..,5.32499980926514,582014,224.71583011583,0,..,9.54000000000001,..,10.0939998626709,23,49.3155114618291,48.0071976058929,321,..,26.5,16.5,55,2,6.28999996185303,89.9059982299805,..,..
"Macao SAR, China",MAC,100,23574,282.321291746364,..,28.1656988668516,116.774567512732,..,..,3.45600008964539,0.296999990940094,76.0722123307524,29.0703353823385,2.8402303383864,..,97751.7321632423,..,..,..,81.6429854646415,..,88.3099975585938,..,321.803037406459,..,..,..,3.07699990272522,612167,20203.5313531353,..,..,0,78.2159805297852,6.93599987030029,..,7.70292896955571,23.1962846739534,..,..,..,..,..,..,1.90699994564056,93.0640029907227,..,96.5384902954102
"Macedonia, FYR",MKD,100,..,59.9928170294144,333.187056333197,55.7424525682037,48.120141465261,..,..,2.16899991035461,16.6270008087158,49.9726990837913,18.3322073836035,5.11243225621096,1.14843436905081,13120.8725132858,..,17.5712704193321,1.96085313262996,72.1568144676058,..,80.997200012207,..,98.524317150729,3.87854677959882,5686,..,20.5650005340576,2081206,82.5220459952419,40,..,42.437,..,24.7810001373291,7,24.7580992857799,17.6998336541409,634,..,30,7,119,1.5,23.7199993133545,75.2190017700195,..,..
Madagascar,MDG,22.9,7230,2.5522178293969,28.8128971161991,18.7779604107393,13.1429690310255,..,..,4.03200006484985,74.3470001220703,33.4967198706362,0.105987049133764,5.40778247939208,1.83194205928894,1396.6696154848,..,9.57049161473764,0.647805990255816,4.713662899498,..,..,..,32.1285288495462,0.0729357926234139,1011,..,42.2169990539551,24894551,42.7888466827088,3,..,64.144,..,89.4359970092773,23,..,0.596857521149909,871,..,100,11,183,3,1.7960000038147,10.5640001296997,2.5,..
Malawi,MWI,11,1818,..,..,19.5937517957333,10.4668082873731,..,..,1.33299994468689,84.6920013427734,32.9669183147695,0.0480444626849791,5.99355852625296,..,1083.80142082959,4.74856996536255,6.37751959907202,..,11.47,..,..,..,39.6780490366372,..,..,..,52.7220001220703,18091575,191.891970725499,0,..,83.494,..,61.2360000610352,35,48.4472406236964,0.0620952017720956,522,..,69,37,177.5,2.6,5.85799980163574,38.7639999389648,3.5,..
Malaysia,MYS,100,447001,48.1060123965395,378.59750789672,145.256370465174,123.907095531601,..,..,3.46099996566772,11.3669996261597,67.6672194582642,8.71766087856694,4.54248146395855,13.7832900191288,25668.884358229,4.82753992080688,17.1758039866029,42.9747947069701,78.7883099275229,..,65.9400024414063,121.330424720578,139.367783612959,2.26243827134845,46555,..,17.8150005340576,31187265,94.9239537361132,62.4,..,25.16,44.1166915893555,25.6359996795654,9,58.8230048936154,15.510176990512,425,..,13,18.5,164,1,3.44000005722046,74.3639984130859,..,..
Maldives,MDV,100,33006,30.0318914669575,153.165774803511,71.2638681523205,31.6962942144082,..,..,5.24900007247925,7.64499998092651,74.5375391374935,6.85180336453492,10.8137392539436,0.00895963179760215,14231.5341514479,4.25007009506226,..,0.025307379209988,59.0925899654109,..,73.7693023681641,..,189.857769382545,..,..,..,16.386999130249,427756,1425.85333333333,22.6,..,61.046,..,26.0830001831055,30,..,4.941134665557,760,..,57,12,405.5,1.5,5.02799987792969,73.9169998168945,3,..
Mali,MLI,35.0694999694824,..,4.68751381618063,..,28.7201787514145,24.9803248964666,..,..,0.944999992847443,61.6399993896484,22.9137678617757,0.119167514548756,0.894414653061727,0.0547779185483143,1971.08447950848,..,8.2709805318455,4.7083478525628,11.1121864890589,43.9,..,..,112.3527654071,..,..,2.9,52.9850006103516,17994837,14.7475696407936,0.1,..,59.217,..,89,35,26.1545674767524,1.11594231167529,620,44.2,29,8.5,270,3.6,7.81300020217896,11,2.5,..
Malta,MLT,100,12305,57.4879922886444,..,125.865623191817,84.5057714750851,..,..,4.63800001144409,1.34899997711182,136.10912059784,39.8877869955888,21.979008744124,24.4839350296024,35058.4307800792,..,..,21.4737781792797,77.2893948185413,..,82.2332992553711,39.3025916609372,131.495334938816,17.8903514695646,5166,..,8.94499969482422,455356,1422.9875,53.6,..,5.52,48.8367004394531,13.6280002593994,8,49.7531874120161,54.5851752134563,505,..,15,26,139,3,4.69999980926514,86.3720016479492,..,..
Marshall Islands,MHL,93.1380462646484,..,5.78849880047544,..,..,..,..,..,..,..,27.5410171523703,1.88444578449478,-1.57114675730468,..,3730.33398854254,..,..,..,29.7877793626081,..,..,..,..,..,..,..,..,53066,294.811111111111,0,..,23.772,..,..,9,39.8782813783507,..,616,..,..,17,120,2,..,..,3.5,..
Mauritania,MRT,41.6521072387695,4307,9.70454324014513,67.2975137348401,..,..,..,..,3.10199999809265,76.1429977416992,37.1504716720649,0.247406544218136,5.72099131944355,..,3572.28039224539,2.63106989860535,38.3713687613596,0.00204652495411598,18,..,..,..,84.0306178676769,0.495108103364531,1213,..,38.8600006103516,4301018,4.17290967303774,6.6,..,48.038,5.19566011428833,48.0999984741211,45,..,1.23670721675659,370,..,49,8,300,..,9.8430004119873,51.9000015258789,3,..
Mauritius,MUS,98.7817840576172,13614,44.5066742746704,..,113.453854440659,96.2695152328966,..,..,4.45300006866455,7.2039999961853,44.5838556461537,16.8445138860278,2.85648568767025,0.000528383675518541,19567.4896610354,5.01359987258911,12.8338297701057,0.0696889341544632,52.1913259356523,..,70.9998016357422,61.8705889677215,143.725062037885,9.78034275696204,8792,..,13.9980001449585,1263473,622.400492610837,83.3,..,59.09,..,20.6270008087158,8,24.3299212468251,30.8604805202625,519,..,14,6.5,152,1.7,7.30000019073486,79.3730010986328,..,..
Mexico,MEX,100,555984,52.6277199604023,..,54.7903623788869,34.0315149699044,..,..,4.48999977111816,12.9289999008179,37.1224133572051,12.5717483311154,3.22920389101497,4.9122110155477,17206.6343224392,..,19.5169348943068,15.2891992174211,59.5404459967255,..,71.5052032470703,32.6898564622748,87.6036909490256,0.536296454194748,45256,..,22.3229999542236,127540423,65.6089009490985,0,..,20.423,36.8507385253906,31.6469993591309,6,52.2372589944113,16.1446830076767,341,..,42.1,8.4,240.5,1.8,3.88000011444092,68.3529968261719,..,..
"Micronesia, Fed. Sts.",FSM,75.435173034668,..,14.3432923593282,..,-41.1823316224891,22.794180946942,..,..,..,..,26.6199553472165,3.01990718240468,..,..,3253.47975532675,..,..,..,33.352162552269,..,..,..,22.3105291746476,..,..,..,..,104937,149.91,0,..,77.474,..,..,21,51.4829943963441,6.55917359939773,885,..,..,16,128,5.3,..,..,3,..
Moldova,MDA,100,9625,34.9398125674194,40.3785317664894,31.7251654074774,30.3490123068637,..,..,0.864000022411346,33.6959991455078,43.3302805822876,13.7304636309713,1.33863238181053,0.058892666864841,4963.39834391968,6.70692014694214,..,3.10324463544636,70.9999991066624,..,56.9450988769531,..,93.3215719350243,1.75484161868906,4608,..,26.7709999084473,3551954,123.731285052426,0,..,57.489,..,29.5809993743896,10,17.8499249777996,28.8522192290487,585,..,5.5,6,181,2.8,4.17999982833862,70.4189987182617,3.5,..
Monaco,MCO,100,611,..,..,..,..,..,..,..,..,..,48.3493077742279,..,..,..,1.37101995944977,..,..,95.2081779700534,..,..,..,86.4879607262526,..,..,..,..,38499,19249.5,..,..,0,..,..,..,..,120.977168238136,..,..,..,..,..,..,..,..,..,..
Mongolia,MNG,81.775032043457,6009,88.6354992416689,382.6418331522,76.0499110361525,56.932427695501,..,..,1.50800001621246,30.3600006103516,50.2156650302355,7.47001220189747,-37.165648184677,31.6804664734148,11361.0064180842,5.18211984634399,..,16.3163000209313,22.2657705007562,..,66.0166015625,..,111.236547028174,..,..,..,44.0410003662109,3027398,1.94868431216046,42.2,..,31.703,64.5628204345703,48.4360008239746,19,19.1411449132053,7.4416049690196,374,..,10.5,10,148,4,7.23999977111816,51.5639991760254,3,..
Montenegro,MNE,100,6842,77.7947825883165,224.406515531904,60.4430005255153,48.8753459003483,..,..,9.1569995880127,7.64799976348877,40.4609361051273,18.2700062836553,5.18198052906988,..,15737.0249188206,..,19.6014934952939,..,69.8816468416779,..,..,..,165.561909913063,6.70148203108651,2818,..,9.3120002746582,622303,46.2678810408922,30.8,..,33.859,56.8754615783691,20.8990001678467,18,..,23.5462087287131,545,..,69,10,300,1.4,17.7000007629395,79.1009979248047,..,..
Morocco,MAR,100,80085,26.6964966063434,..,108.257629159796,63.8292011206204,..,..,2.98600006103516,37.742000579834,35.0902797802226,3.55879359304445,2.23758442752918,0.858492530299168,7285.90832106945,..,..,3.67189292712438,58.271236420398,..,..,55.5754879884646,117.680598793779,1.6542500956637,38817,..,29.1889991760254,35276786,79.0427649563074,0,..,38.64,31.9598407745361,53.8479995727539,6,..,5.86837190893751,510,..,22,10,211,3.5,9.39999961853027,46.1520004272461,..,..
Mozambique,MOZ,24.1983394622803,15911,10.5862345009925,69.0144890725519,43.9409308915185,34.5016888192509,..,..,4.0460000038147,73.3420028686523,36.677642239345,0.161636652709193,28.3993558888803,27.889363307283,1127.34726420517,..,12.2793496770555,..,17.5212390868424,..,..,..,52.1188730589484,..,..,..,50.4990005493164,28829476,36.6609984994532,5.3,..,65.074,7.04390001296997,88.7160034179688,37,45.8851137418002,0.285891425844854,950,..,40,19,200,1.5,25.1539993286133,11.2840003967285,2.5,..
Myanmar,MMR,57.0093841552734,65643,2.67123939806302,4.40949766718268,39.302483646512,21.9851735137067,..,..,3.44700002670288,51.2999992370605,17.0924322090456,0.169586124275206,5.18480249578167,28.1636473132811,5305.04713749719,..,..,7.60817241586876,25.07330424,16.5,..,..,95.6532148876445,0.196171749922641,6999,1.8,36.2330017089844,52885223,80.9781695963741,0,..,69.918,..,61.7060012817383,31,36.9452578790849,0.972644097577125,1160,39.2,85,14,282,5,0.782999992370605,38.2939987182617,2.5,75.5512008666992
Namibia,NAM,51.7824249267578,11759,64.4138436085555,301.821033037017,76.7245234909994,65.0152959582983,..,..,4.53299999237061,20.0709991455078,41.1380933435386,2.59477608900707,3.17891801821421,1.47022422929957,9825.59926991324,..,13.5081804904415,2.19407879016926,31.0333459383454,..,73.3126983642578,20.6639940600782,107.26850244363,1.08690525124155,1613,..,21.4109992980957,2479713,3.01195568997559,0,..,52.039,..,29.8419990539551,27,43.4155364030325,7.57559443371068,460,..,52,66,302,2.5,23.3500003814697,70.1579971313477,..,..
Nauru,NRU,99.2028045654297,862,..,..,..,..,..,..,..,..,48.8180456490728,..,0,..,12950.5289813432,..,..,..,..,..,..,..,87.2477306777122,..,..,..,..,13049,652.45,..,..,0,..,..,..,..,..,..,..,..,..,..,..,..,..,..,..
Nepal,NPL,90.7,24063,9.63578110959656,..,86.1867525929284,81.0516750498276,..,..,1.25899994373322,72.2750015258789,9.49254396751772,0.773507819524917,0.501592180704535,2.88135679172677E-05,2297.65253885535,..,21.6599605395161,..,19.688763836629,..,..,..,110.825514233956,0.979044041193492,17735,..,36.8569984436035,28982771,202.181869550052,0,..,81.058,11.7999401092529,80.1809997558594,34,27.1161004801494,2.96119718849519,910,..,6,17,339,2,3.06200003623962,19.8190002441406,3,..
Netherlands,NLD,100,334240,47.5525453789499,..,208.903977991606,115.734208507616,..,..,4.04699993133545,2.26200008392334,82.4485049975735,42.2844555324468,23.899453102463,9.09123468278058,47269.6329521216,..,..,17.7778746638501,90.4109589041096,..,79.6679992675781,103.666480712586,122.974004743535,6.07397698047147,67127,..,12.3599996566772,17030314,505.500563965568,0,..,9.36499999999999,80.3648376464844,16.8610000610352,9,47.7666824966949,39.8767787521641,514,..,2.5,3.5,119,1.1,6.01000022888184,83.1389999389648,..,..
New Caledonia,NCL,100,..,..,..,..,..,..,..,15.6730003356934,3.45900011062622,..,..,..,..,..,..,..,..,..,..,..,..,..,..,..,..,8.44400024414063,276550,15.1285557986871,..,..,30.179,..,24.3390007019043,..,..,..,..,..,..,..,..,..,14.621000289917,75.661003112793,..,..
New Zealand,NZL,100,181125,..,..,..,..,..,..,5.71799993515015,6.50699996948242,25.8177217796803,32.8374777641679,1.02220514330872,1.47669725089081,35776.5717269995,..,..,10.1442025477769,88.470186347099,..,..,42.2896989990389,124.441274767837,14.4961090008109,58167,..,11.2969999313354,4693200,17.8238578101857,0,..,13.6,81.7504501342773,17.923999786377,7,61.9428489043511,37.761490274378,216,..,1,0.5,152,1.3,5.1100001335144,82.0759963989258,..,..
Nicaragua,NIC,81.7967987060547,..,17.9689172331835,..,49.6595070201349,38.8777171544102,..,..,5.76100015640259,29.6870002746582,39.1019915791444,2.87847272358311,6.81760098678143,0.171876077732288,5130.58029479392,..,22.1383495187292,..,24.5718339595365,10,..,..,125.944759028073,..,..,3.7,30.8269996643066,6149928,51.104603623068,17.9,..,41.91,..,45.2639999389648,43,39.5398015999729,5.96163077031146,490,27.3,56,14,201,2.2,4.44700002670288,54.7360000610352,3,..
Niger,NER,16.2172336578369,471,1.53567444634805,..,18.17699285958,14.8524391711291,..,..,0.892000019550323,75.8030014038086,16.1675439604697,0.0372805342546774,3.95869395441486,17.1171022476391,917.140115923232,..,23.7122777311885,1.93738447266061,4.32275803028068,..,..,..,36.1428273524286,..,..,..,58.9700012207031,20672987,16.3203497276387,0.3,..,83.71,..,89.4499969482422,41,..,0.778058826235415,545,..,35,10,270,5,0.344999998807907,10.5500001907349,3,..
Nigeria,NGA,59.3,53971,16.7301836033315,..,26.5551302713839,15.67959555801,..,..,1.21300005912781,36.298999786377,9.21810969847623,0.0580306515997343,1.09849818118652,96.301862900076,5434.73479515868,..,..,1.97287421159484,25.67,..,..,7.36246972172176,82.9842823503503,0.760417970829386,75380,..,71.2460021972656,185989640,204.211425497107,0.1,..,51.317,..,81.495002746582,59,..,0.0830761326276023,509.8,..,69.6,24.9,429.4,2,7.05999994277954,18.5049991607666,2.5,..
Northern Mariana Islands,MNP,100,..,..,..,..,..,..,..,..,..,73.5909822866345,..,..,..,..,..,26.3285024154589,..,..,..,..,..,..,..,..,..,..,55023,119.615217391304,..,..,8.557,..,..,..,..,..,..,..,..,..,..,..,..,..,..,..
Norway,NOR,100,..,39.0459484916568,..,150.331244594217,144.9252365712,..,..,1.81500005722046,2.08999991416931,34.1366402398179,40.1430987227801,-5.02380792759584,53.0044696870221,64159.544250136,..,..,19.2845736489995,97.2982036675068,..,83.9776000976563,62.3208365350085,108.831075605925,8.1510228044715,27920,..,4.98000001907349,5234519,14.3315281523361,0,..,18.515,80.5465393066406,6.98000001907349,4,43.2252700366856,15.3607993158117,400,..,3,4,83,0.9,4.67999982833862,93.0199966430664,..,..
Oman,OMN,100,61956,34.2339281707835,..,69.5462678563089,74.9553600801743,..,..,2.03699994087219,6.26700019836426,41.2209076048883,6.4330465683804,2.5153888067253,62.5318816283689,39883.9536508277,6.15851020812988,..,2.82686550471885,76.85,..,..,34.8454273593121,155.178063814506,2.11007686242601,7116,..,8.43400001525879,4424762,14.2964846526656,22.7,..,17.5,44.59912109375,11.081000328064,15,..,9.54894297139598,598,..,16,6.3,68,4,3.26600003242493,88.9189987182617,..,..
Pakistan,PAK,99.1474380493164,70005,9.83432020351025,21.746042175012,52.3562277148463,16.525085530585,..,..,1.37000000476837,42.2680015563965,9.14572693911771,0.850297848678458,0.892861507778696,0.761828335862166,4857.16871756739,2.49180006980896,10.3037787070706,1.90815547378046,15.5145577897414,..,..,32.966880634986,70.6452165487954,0.0588562069347691,6893,..,36.132999420166,193203476,250.627174138647,9.4,..,63.766,9.73349952697754,61.0639991760254,47,..,1.60681115281798,1071.2,..,154.8,18,311.5,2.6,3.84400010108948,38.9360008239746,2.5,..
Palau,PLW,99.2893524169922,..,46.3256270131634,336.439866183099,..,..,..,..,..,..,54.0413307177606,..,11.6435051558617,0.0519903035025715,13896.5829646234,..,..,60.2801381397438,..,..,..,..,..,..,..,..,..,21503,46.745652173913,0,..,21.225,..,..,11,16.8346218703425,..,810,..,14,28,142,2,..,..,..,..
Panama,PAN,93.4178009033203,143126,69.3325678433221,..,80.8994316220854,86.875692256148,..,..,3.63499999046326,15.3620004653931,41.3800826879317,10.6573702957201,10.3675284870873,0.0297894088026177,21472.6901894809,..,..,..,54,..,..,23.4585869570943,127.457023454192,0.836792760148011,2204,..,27.3910007476807,4034119,54.2657923056228,0,..,32.973,..,35.8860015869141,52,..,16.1823684427752,790,..,22.5,6,417,2.5,4.35300016403198,64.1139984130859,..,..
Papua New Guinea,PNG,22.9321537017822,48892,..,..,46.4820132136148,23.0686480389098,..,..,1.58599996566772,20.6669998168945,..,0.210266158614153,-0.199800047014095,..,3817.7808091091,..,..,..,9.60153846153846,..,..,..,46.7780359928663,..,..,..,48.5149993896484,8084991,17.8531797906638,0,..,86.95,..,76.3280029296875,32,62.7701771794538,1.90476402509292,591,..,72,41,209,3,2.64199995994568,23.6720008850098,2,..
Paraguay,PRY,98.4,3864,25.0290171572537,294.191236924296,45.1636974208655,54.4233312520161,..,..,5.15500020980835,21.3239994049072,41.7485329597747,3.71406038206726,1.50038261789368,25.5826784972531,8871.37954006657,..,..,7.24545900703696,53.4,..,83.1837997436523,..,111.362542801014,0.144551487824611,623,..,31.5620002746582,6725308,16.9275308331236,24.4,..,38.974,..,44.2280006408691,20,22.5536404008844,5.21098810641832,606,..,46,35,378,3.9,5.25,55.7719993591309,..,..
Peru,PER,94.8517456054688,129880,108.567808070074,149.851286987055,..,..,..,..,4.27099990844727,28.375,22.4382076149925,6.6745538680422,3.58114454549782,7.84390505554878,12082.1680106024,3.80698990821838,16.2067893933702,4.22225487527716,45.4617406869459,..,79.5418014526367,42.3132537500357,116.237641287224,3.63034544496541,75397,..,35.9790000915527,31773839,24.82331171875,37.4,..,22.461,..,54.6360015869141,9,41.6404162639986,9.6760860404687,426,..,7.5,26.5,260,3.1,3.52999997138977,45.3639984130859,..,94.1736679077148
Philippines,PHL,90.9816131591797,345482,27.1488614008801,..,63.4920445564781,44.7168762013633,..,..,3.31900000572205,26.9860000610352,27.9665869789349,2.8895137294614,2.71559358134654,1.33792938917211,7233.20610317139,..,21.4016681223873,55.102349046768,55.5,..,56.6599998474121,78.6312342090924,116.237550283235,0.330689324978875,21735,..,26.9899997711182,103320222,346.514478317738,0,..,53.525,..,38.7589988708496,28,46.5169486818253,3.66042767503926,962,..,35,28,185.6,2.7,2.71000003814697,61.2410011291504,..,..
Poland,POL,100,84075,72.4279947073181,455.902491491856,75.6886363501856,54.5598199110423,..,..,3.95700001716614,10.5839996337891,52.259854936709,19.1707811840654,3.55494065812743,2.52147148105202,26035.8379036022,..,14.814296713129,8.45663835083641,73.3007,..,78.0541000366211,29.4210865312485,138.659500565215,1.66385178304486,43523,..,14.1169996261597,37970087,124.008253045495,0,..,39.822,66.5559997558594,20.7280006408691,7,24.9819863793785,21.3035204467512,685,..,33,37,271,3,6.15999984741211,79.2720031738281,..,..
Portugal,PRT,100,154448,168.764837925671,366.191812576936,159.350186559695,111.839749320595,..,..,4.77500009536743,6.91300010681152,40.1287129655498,32.5464558260724,4.59215088136958,5.92913280744966,27124.155038865,..,..,5.29014535420686,70.423567088723,..,81.8980026245117,27.9042663415919,111.574442466934,5.01385849505552,33641,..,12.375,10325452,112.717122427815,100,..,35.914,62.9383087158203,17.7880001068115,8,40.7494808827039,46.1612917626135,547,..,1,5,243,3,11.0699996948242,82.2119979858398,..,..
Puerto Rico,PRI,100,..,..,..,..,..,..,..,13.6879997253418,3.04500007629395,68.4119027557612,18.7160074843855,..,..,35044.6697057835,..,..,..,68.64,..,..,..,88.6658125910091,..,..,..,14.4250001907349,3406520,384.049605411499,0,..,6.398,..,29.1620006561279,16,..,22.1801394420736,630,..,191,5.5,218,2.5,11.7799997329712,70.8379974365234,..,..
Qatar,QAT,100,200927,60.7301718700013,252.163512372869,147.051129251701,79.3840306347705,..,..,0.280000001192093,1.21599996089935,47.4885795377754,9.8730486838685,0.507636167049601,81.5543984532085,118207.134622686,..,..,2.19791064300862,94.2911181549896,..,..,101.555877701154,142.134536330397,..,..,..,0.145999997854233,2569804,221.344013781223,30.5,..,0.984999999999999,15.4214401245117,0.437999993562698,4,..,18.1783513450831,570,..,13,8.7,41,2.8,0.140000000596046,99.5619964599609,..,..
Romania,ROU,100,46733,66.6771336768831,208.410775804239,34.036041376847,28.1760391412356,..,..,1.04100000858307,23.1030006408691,41.3347398765226,22.4996527722126,3.328987546411,3.57874940228614,21670.7047886072,..,..,8.49988069074561,59.5039512852713,..,79.9599990844727,..,115.78472999633,5.60741819330927,73889,..,17.0400009155273,19702332,85.6325278164117,16.8,..,46.1,48.0227584838867,26.613000869751,14,35.8612218396581,20.7805781783806,512,..,16,12,161,3.3,5.90000009536743,73.3870010375977,..,..
Russian Federation,RUS,100,746446,168.697736757443,..,..,53.3700122223198,..,..,1.29100000858307,6.71799993515015,25.6989769255311,19.1176988179024,2.53274701539419,47.1856033643275,24416.6238784138,..,19.3302115716301,10.719245771326,73.091434617897,..,66.2226028442383,48.4189435637616,159.154604996302,4.34208141570943,433464,..,5.80200004577637,144342396,8.8137962870805,0,..,25.836,81.815559387207,7.50500011444092,7,-4.46899868497886,22.4198410618039,337,..,16,10.1,168,2,5.53700017929077,92.495002746582,..,..
Rwanda,RWA,29.37,4314,5.63823478709109,29.1018898094404,18.93024894681,20.9992282421145,..,..,0.499000012874603,66.9339981079102,14.9269545880378,0.182261257974402,3.14193022682826,0.0894099453459478,1790.25475455162,3.54689002037048,..,12.2815468791592,20,..,..,..,74.8607259168611,1.94630107853562,13120,..,71.3160018920898,11917508,483.07693554925,7.4,..,82.944,7.99985980987549,80.5220031738281,29,39.8705712336262,0.112464787101465,230,..,12,4,124,2.5,1.23199999332428,19.4780006408691,3.5,..
Samoa,WSM,100,13805,47.0767757278638,123.966137188218,80.1805336399877,81.1981038773181,..,..,4.4060001373291,5.10900020599365,29.3364981600005,1.11159513132607,0.321022637394075,21.4788157608196,5914.28129085367,4.08104991912842,..,0.852263362981328,29.4117301129981,..,..,..,77.3903907751441,1.01182234529769,114,..,30.3239994049072,195125,68.9487632508834,0,..,81.319,..,36.2519989013672,37,22.9765717674812,4.96040999359385,455,..,15,9,224,2,8.48700046539307,63.7480010986328,4,..
San Marino,SMR,100,..,220.252553371865,545.125069595366,..,..,..,..,..,..,..,36.1413125320001,..,..,56500.4691070515,..,..,..,..,..,..,..,110.14064994127,..,..,..,..,33203,553.383333333333,0,..,3.09,..,..,18,39.1439560199927,48.1884167093335,575,..,42.5,12.5,52,2.3,..,..,..,..
Sao Tome and Principe,STP,65.4404830932617,..,23.7705351011568,130.473825999683,21.9120455420756,26.143226688605,..,..,1.43900001049042,18.3659992218018,..,0.712820769346206,6.58627248396811,0.00115524883009574,3003.76844608335,..,..,65.5272587226899,28,..,..,..,89.0635786103747,..,..,..,33.8359985351563,199910,208.239583333333,10,..,28.908,..,35.7929992675781,46,..,2.86779050572758,1065,..,52,7,424,..,13.4160003662109,64.2070007324219,3,..
Saudi Arabia,SAU,100,256635,74.4239467110062,166.232107431781,34.0594537566643,58.1144945652296,..,..,1.87999999523163,6.03399991989136,31.1441976898209,10.1861906146258,1.15554700499509,79.13552874245,50423.0134931014,..,..,2.96913824308447,74.88,..,57.5999984741211,69.5931671768184,148.509684704775,0.438606400541805,9726,..,2.95499992370605,32275687,15.0141122673502,0,..,16.599,66.5998001098633,4.86800003051758,3,..,11.2699134800756,575,..,3,19.3,67,..,5.65000009536743,95.1320037841797,..,..
Senegal,SEN,64.5,582,5.50917841645041,..,42.2387781367296,33.2735505266554,..,..,2.42400002479553,53.6030006408691,28.9715350678123,0.638174561081013,2.6751724935946,12.2256895015017,2379.45126362328,..,18.6067165809654,2.08114137827742,25.6647680413953,..,..,..,98.539225028605,0.416057937467636,3418,..,35.7879981994629,15411614,80.0478574767569,0.6,..,53.704,10.5847797393799,46.7910003662109,58,28.6772269873785,1.8553086003841,925,..,71,6,441,3,4.84700012207031,53.2089996337891,4,..
Serbia,SRB,100,31958,50.6642830420226,564.357822084184,55.5839946968594,43.4426217584091,..,..,3.35800004005432,18.6119995117188,50.0232664685935,20.7781209075333,6.14815505204013,..,13720.8908914885,..,14.464649728665,..,67.0568413716938,..,70.9294967651367,..,130.235002910596,1.76159743263644,8236,..,19.996000289917,7058322,80.7034301394923,0,..,44.19,62.1369705200195,31.4230003356934,33,..,38.4416244636161,635,..,21,6.5,225.5,2,15.2600002288818,68.5770034790039,..,98.8415069580078
Seychelles,SYC,100,19178,71.801062649499,214.820651025114,40.1966820055498,26.9370052107542,..,..,..,..,..,14.8947234367704,6.06037627180676,0.00188626813207242,25630.7100889485,..,..,2.52623496840682,56.5147081470678,..,85.4561996459961,..,161.159103451203,..,..,..,..,94677,205.819565217391,100,..,44.169,20.6851997375488,..,29,35.0166330364308,22.1123233009297,915,..,33,32,85,2,..,..,..,..
Sierra Leone,SLE,20.3,..,..,..,21.8028855450646,5.82482945316801,..,..,2.36999988555908,60.5849990844727,24.9140932574559,..,3.8797613918575,..,1363.86357140879,2.91235995292664,12.2678962254416,0.00125184995604616,11.77318438,..,..,..,84.8987113635534,0.264852419434195,1082,..,82.0199966430664,7396190,102.468689387642,1.6,..,58.772,..,90.0139999389648,34,..,0.229848070425449,515,..,56,10,343,2.3,4.59800004959106,9.98600006103516,3,..
Singapore,SGP,100,207203,57.754288823512,1232.99578609781,129.550674068348,127.426865710704,..,..,5.77699995040894,0.118000000715256,168.191970440633,25.9868687254945,23.970847551014,11.3668385691086,82621.5031826688,..,..,48.8508855157833,84.45,..,..,206.747005876175,150.480528523572,8.62311371695819,35021,..,7.90999984741211,5607283,7908.72073342736,0,..,0,..,14.0740003585815,5,44.9033962999298,35.5431924310644,164,..,4.5,2.5,66.5,0.8,1.79999995231628,85.9260025024414,..,97.0495910644531
Sint Maarten (Dutch part),SXM,100,..,..,..,..,..,..,..,..,..,..,..,..,..,..,..,..,..,..,..,..,..,..,..,..,..,..,39969,1175.55882352941,..,..,0,..,..,..,..,..,..,..,..,..,..,..,..,..,..,..
Slovak Republic,SVK,100,85,60.1324683128229,..,77.8434537629375,56.9991243557955,..,..,3.19799995422363,2.88700008392334,94.6246102131349,24.5497333133978,3.95291086463223,3.24470364203055,29212.3781979582,..,..,9.825915383313,80.4759,..,72.2134017944336,..,128.391295131826,4.70404879441606,18007,..,12.1140003204346,5430798,112.939275464792,3.1,..,46.194,..,15.4309997558594,8,40.1874489787126,15.1278659304238,775,..,16.5,12.5,192,4,9.67000007629395,84.5690002441406,..,..
Slovenia,SVN,100,17825,95.2910957700459,..,70.9460588117014,46.6707727599078,..,..,3.67700004577637,5.02400016784668,77.6540947376561,28.3613637479294,3.26924855599998,4.56711759310692,29930.037038675,..,..,7.42113909687795,75.4985042610791,..,79.3106002807617,11.7705098198587,114.81787529682,3.13175691635687,4309,..,8.17099952697754,2065042,102.534359483615,3.1,..,45.98,..,14.2229995727539,10,22.4449143366732,35.0690276832629,1160,..,49.5,7,245,0.8,8,85.7770004272461,..,..
Solomon Islands,SLB,47.9191436767578,13711,11.5241829491482,29.3839226672447,29.1577961834791,38.2956361922911,..,..,1.20899999141693,68.6989974975586,..,0.273431439443862,3.02941906476384,4.39695542309894E-05,2179.2321173534,..,..,1.46245658623425,11.000902271205,..,..,..,69.4959619231289,..,..,..,29.8899993896484,599419,21.4154698106467,0,..,77.177,..,63.507999420166,34,34.9328074445665,1.23536290975094,497,..,86.5,9,80,1,2.04399991035461,36.492000579834,3,..
Somalia,SOM,29.8903179168701,98,..,..,..,..,..,..,1.48300004005432,86.2419967651367,15.108155388653,0.642548021385116,5.02024900506168,..,..,..,..,..,1.88,..,..,..,46.4662792195221,..,..,..,71.088996887207,14317996,22.8233430037938,0,..,56.184,..,73.7639999389648,..,..,0.33524244594006,575,..,188,70,..,..,6.02400016784668,26.2360000610352,..,..
South Africa,ZAF,84.2,212865,69.2897894314741,..,176.576039475023,144.279932295975,..,..,5.53999996185303,5.58400011062622,30.7025974061215,2.05437879637292,0.749015048767685,9.98146418269729,12286.6971248333,5.94302988052368,16.2032664837392,5.29205550382907,54,..,80.3039016723633,321.649882279292,147.125205923013,10.2183962596678,376727,..,9.11299991607666,56015473,46.1758591695587,0,..,34.659,..,15.1510000228882,7,56.3729467694837,8.07428690283487,600,..,23,45,203,2,26.5499992370605,84.8489990234375,..,..
South Sudan,SSD,8.94762802124023,..,0.759655217818473,1.09052726824607,13.3680804186982,1.95127648240712,..,..,8.4399995803833,64.4059982299805,54.9493668239443,0.00122641902813651,-0.585376287318986,..,1569.88834552626,1.81094002723694,6.64956824153384,..,6.6797280510287,..,..,..,22.0755425064571,0.264039061624623,1765,..,17.5620002746582,12230730,..,0,..,80.908,..,58.2369995117188,37,..,0,228,..,50,14,210,..,11.5419998168945,41.7630004882813,1.5,..
Spain,ESP,100,566775,113.15915864396,..,187.45058210746,111.339517684945,..,..,4.97399997711182,4.22300004959106,32.9466027489848,30.4496118631965,2.59578874448775,3.66520775060517,33320.3727243715,..,..,6.97988146800913,80.5613329432179,..,80.8625030517578,56.9447135357381,111.163325995733,3.22846286730878,99231,..,11.5249996185303,46484062,92.9290937806121,49.6,..,20.16,91.1763687133789,16.9869995117188,8,40.7218025695655,42.3554297640075,510,..,12.5,13,152,1.5,19.6299991607666,83.0130004882813,..,98.2505111694336
Sri Lanka,LKA,95.5882339477539,40711,..,..,71.8593030862398,45.7084890533794,..,..,2.80599999427795,27.5200004577637,21.3328438402311,4.28965715398982,1.09679324830281,1.6119679866744,11445.4643648867,3.49497008323669,..,0.843030924968451,32.0510027436177,..,..,22.8379324399479,124.033987656413,..,..,..,31.7889995574951,21203000,338.111943868601,0,..,81.689,18.8550796508789,42.9000015258789,47,17.685233041054,11.9229894167327,1318,..,51,9,174,1.7,4.36999988555908,57.0999984741211,..,..
St. Kitts and Nevis,KNA,100,..,89.282908251455,..,77.4493385695517,56.9537054657694,..,..,..,..,56.9858066459538,29.9155433136937,9.2847710815396,0.000382770768561946,24463.6172536033,..,..,..,76.8176749076294,..,..,..,139.696466682476,..,..,..,..,54821,210.85,0,..,69.21,..,..,39,..,31.7998577187574,578,..,224,18.5,203,..,..,..,..,..
St. Lucia,LCA,97.7609176635742,..,37.597911227154,..,77.7922569142629,71.785275306938,..,..,5.89300012588501,14.9829998016357,..,16.7322978400697,5.75813037256885,2.25594748322757,12671.2580549212,5.71023988723755,..,5.91538152702791,46.7290780591803,..,..,..,99.2320871836643,2.73959038172726,332,..,27.9629993438721,178015,291.827868852459,0,..,81.442,19.199369430542,34.6539993286133,35,..,19.9674184759711,645,..,17,11,110,2,21.2600002288818,65.3460006713867,4,..
St. Martin (French part),MAF,71.9702835083008,..,..,..,..,..,..,..,..,..,..,..,..,..,..,..,..,..,..,..,..,..,..,..,..,..,..,31949,587.297794117647,..,..,..,..,..,..,..,..,..,..,..,..,..,..,..,..,..,..
St. Vincent and the Grenadines,VCT,100,..,34.8540935531946,..,55.4568896952105,51.1195452346396,..,..,2.88499999046326,6.18800020217896,37.3488147073053,19.9419935609204,11.9407426942664,..,10583.0539712116,5.779709815979,..,..,55.5746194230166,..,..,..,102.741625092345,1.57423589524661,118,..,8.48400020599365,109643,281.135897435897,0,..,48.627,..,11.9420003890991,36,..,18.7426465893856,595,..,47,10,108,..,18.2110004425049,88.0579986572266,4,..
Sudan,SDN,38.5284423828125,3165,..,..,22.4603865652326,8.8550033474572,..,..,4.46600008010864,52.4739990234375,9.82885176193902,0.0656462086244696,1.11290938433397,..,4386.35257682309,..,17.7044588841586,..,28,..,..,..,70.2580000600321,..,..,..,28.3799991607666,39578828,22.6889730639731,0,..,65.879,..,44.8120002746582,42,..,0.344810614402225,810,..,11,36.5,180,2,12.7340002059937,55.1879997253418,2,..
Suriname,SUR,87.1763153076172,3309,49.5926319518243,327.201436476236,51.0174135967106,36.7616966794587,..,..,1.64300000667572,2.59200000762939,49.7845249755142,12.7544916614133,7.34750053844895,9.4567339520324,13877.9860066891,..,63.2896674828599,15.5699038450632,45.4,..,..,..,144.50702762336,1.40833313137352,523,..,11.2930002212524,558368,3.57928205128205,0,..,33.96,..,14.8290004730225,30,..,15.9446816436472,1715,..,46,84.5,199,5,8.17500019073486,85.1709976196289,..,..
Sweden,SWE,100,..,34.8409958095393,..,154.516865911339,128.82229439598,..,..,3.6470000743866,1.8860000371933,44.2732272642448,37.4053942182456,1.57608494145905,5.66701683720135,46568.1771455909,..,..,14.2862430147682,89.6509476102355,..,82.4294967651367,..,127.503389315187,8.09180473160021,49960,..,6.09999990463257,9923085,24.3624880312293,0,..,13.148,..,10.0129995346069,6,19.2896330526027,31.5557264204349,483,..,7,7,122,2,6.98999977111816,89.9869995117188,..,..
Switzerland,CHE,100,229530,98.4320880786767,..,179.710041016605,175.264708847049,..,..,6.00600004196167,3.36199998855591,65.8113126711974,44.9136184782698,9.04341679287233,1.0174225915498,57421.5485009872,..,..,27.0827797855239,89.1346877351392,..,80.0283966064453,209.849049255767,133.806822611367,4.30771833893952,24135,..,7.08199977874756,8373338,211.8974086446,0,..,26.261,57.8661117553711,15.0830001831055,19,41.7076507462925,45.8628148291681,510,..,16,10,63,3,4.92000007629395,84.9169998168945,..,..
Syrian Arab Republic,SYR,100,170,..,..,..,..,..,..,4.33500003814697,22.8330001831055,..,5.477966276792,..,..,..,..,..,..,31.869627268866,..,..,..,72.4337052377389,..,..,..,31.9769992828369,18430453,100.367331046125,7.2,..,47.165,39.1817207336426,39.2000007629395,20,..,18.7995704717621,872,..,48,15.5,336,4.1,14.7849998474121,60.7999992370605,..,..
Tajikistan,TJK,100,6472,..,..,25.1845573323836,19.2081324031826,..,..,0.596000015735626,50.7389984130859,13.276742896692,0.0686895667760472,3.46007249366507,..,2762.58545284209,..,..,..,20.470000000055,..,..,..,107.613654615807,0.181855177854918,984,..,47.6640014648438,8734951,62.9382718718026,0,..,73.149,28.8414897918701,48.7729988098145,12,..,5.35778620853168,430,..,37,22,258,1.7,10.3039999008179,51.2270011901855,2.5,..
Tanzania,TZA,32.8,27422,..,..,20.2492416486398,14.3584972708541,..,..,2.81900000572205,67.197998046875,19.5923050815122,3.32570415917124,2.88127035484399,1.34272594263089,2583.58967271423,..,..,2.01540210702118,13,..,..,..,72.0579449426522,..,..,..,47.7239990234375,55572201,62.7367362835855,0,..,67.667,..,86.3369979858398,53,..,0.233204727665906,515,..,67,28,195,3,2.16799998283386,13.6630001068115,3.5,..
Thailand,THA,100,413880,113.061854506789,324.296102886693,167.353254653087,145.629583724274,..,..,2.68099999427795,33.2949981689453,68.1108337820101,10.4830549309465,0.743945816792562,2.73476906772608,15705.8065994744,..,17.5804891810114,21.5131720250818,47.5049656215909,17.6,83.0419998168945,105.148937142475,173.77707446065,0.990838045336488,48907,1.2,32.0410003662109,68863514,134.791274051166,0,..,51.552,..,52.9580001831055,21,39.6631601971667,6.83380752251475,440,2.5,7,27.5,262,1.5,0.936999976634979,47.0419998168945,..,..
Timor-Leste,TLS,63.3941383361816,..,6.44558316413678,42.6025022874814,-8.40271141493006,8.24884437070884,..,..,2.11199998855591,24.7819995880127,2.28480065664921,0.0810296759364721,0.217321829124722,..,7297.00179604536,..,4.84330139195952,..,25.24624959,..,..,..,117.613155814234,..,..,..,30.9930000305176,1268671,85.3174848688635,5.6,..,70.15,..,51.5589981079102,18,64.8825158334208,0.214397586135413,1285,..,..,9,276,..,3.3659999370575,48.4410018920898,2,..
Togo,TGO,46.9283752441406,10725,..,..,42.8429168080175,39.3863908423848,..,..,1.01699995994568,38.9609985351563,42.8224205406715,0.589729087736154,5.80914615568318,1.90112744834188,1388.49614248697,5.05010986328125,14.6130309787369,0.033034071122477,11.31,6.2,..,..,72.3790862768515,..,..,2.8,62.0830001831055,7606374,139.848758963045,0.5,..,59.372,12.2689800262451,81.4499969482422,49,13.9313587125499,0.444587657667109,488,78.4,283,6,216,3,1.84200000762939,18.5499992370605,2.5,..
Tonga,TON,97.02,..,..,..,34.1788849300169,39.2266381613266,..,..,1.04999995231628,29.9820003509521,21.3133445756043,2.80054517279364,2.20528082642574,..,5327.26719960567,..,..,..,39.95,..,..,..,74.6812046078303,19.5825194130087,49,..,36.3400001525879,107122,148.780555555556,0,..,76.778,..,55.2960014343262,30,..,10.2686656335767,350,..,112,16,200,2.7,1.09700000286102,44.7039985656738,4,..
Trinidad and Tobago,TTO,100,29892,42.0554873630193,..,44.1248126499378,38.8253188166796,..,..,5.94500017166138,3.81800007820129,..,18.7242575251179,-0.107347952707745,..,29540.8742983584,..,..,..,73.296941218486,..,70.4064025878906,..,158.674527202955,..,..,..,16.2080001831055,1364962,266.074463937622,0,..,46.75,..,22.4220008850098,39,..,19.9409946943578,1340,..,77,10.5,210,2.5,4.3730001449585,77.5780029296875,..,..
Tunisia,TUN,100,38631,27.4409446323334,226.221372704155,92.5883622499635,81.1553193203186,..,..,6.76100015640259,13.673999786377,40.3887727455232,5.61477747392673,1.65254116797941,5.64745062834316,10761.5145274606,..,..,6.07238532254105,49.6,..,..,20.0896049373733,125.245701926328,..,..,..,17.701000213623,11403248,73.3988671472708,27.5,..,31.654,32.5801391601563,27.6200008392334,8,..,8.54255734857297,565,..,39,11,144,1.3,15.5100002288818,72.379997253418,..,..
Turkey,TUR,100,743673,78.0767024258514,803.89064527188,80.6041800090768,69.8526746817139,..,..,4.52500009536743,19.5009994506836,21.9650827376211,13.205095767044,1.54482639534796,2.20297069942794,23756.4842864984,..,..,2.02950793048467,58.3477340145685,..,71.0938034057617,19.886607856121,94.402476161399,1.17814311982013,62674,..,16.5879993438721,79512426,103.312534594545,76.6,..,25.866,..,32.507999420166,11,29.4307402113795,13.9318589021545,580,..,7,6.5,216.5,4.5,10.8400001525879,67.4919967651367,..,..
Turkmenistan,TKM,100,12890,..,..,..,..,..,..,5.16200017929077,8.44499969482422,..,0.0706396277009062,12.4999901286902,..,15648.3731140805,..,..,..,17.990324461341,..,..,..,151.433701883818,..,..,..,16.2450008392334,5662544,12.0497606026429,..,..,49.272,..,26.2430000305176,..,..,11.7438381052756,..,..,..,..,..,..,3.47900009155273,73.7570037841797,..,..
Turks and Caicos Islands,TCA,95.700439453125,..,..,..,..,..,..,..,..,..,..,..,..,..,..,..,..,..,..,..,..,..,..,..,..,..,..,34900,36.7368421052632,..,..,7.483,..,..,..,..,..,..,..,..,..,..,..,..,..,..,..
Tuvalu,TUV,99.426155090332,..,..,..,..,..,..,..,..,..,..,9.01144453455889,0.609745895916016,..,3492.497412426,..,..,..,46.0091515110578,..,..,..,68.4869784626476,..,..,..,..,11097,369.9,..,..,39.355,..,..,..,..,18.0228890691178,..,..,..,..,..,..,..,..,3.5,..
Uganda,UGA,26.7,3828,4.36525507200238,31.3562347140654,23.3781475511495,15.5784316735913,..,..,3.32800006866455,70.3980026245117,18.5815159953226,0.260940733053549,2.59855532009726,1.37914856472288,1687.08273624095,..,21.6188163615202,1.83254356704407,21.87617046,..,..,..,55.0484604390695,..,..,..,57.976001739502,41487965,206.90188011171,0,..,77.376,..,77.9240036010742,31,34.073258923344,0.88758993120053,490,..,42,26,195,2.2,2.00999999046326,22.076000213623,3.5,..
Ukraine,UKR,100,55261,88.5532382688712,..,78.7787304511426,47.3505032302829,..,..,1.557000041008,15.0089998245239,49.2880946566397,12.2174081712797,3.6892701984154,0.965919134951195,7668.0557761534,..,..,..,53,..,67.4400024414063,..,135.195655555072,1.5443459527424,48138,..,15.2569999694824,45004645,77.6893179581902,0,..,30.846,..,17.2530002593994,5,24.3789647590264,20.1447925835038,378,..,17,6.5,355.5,2.9,9.35000038146973,82.7470016479492,..,..
United Arab Emirates,ARE,100,463947,65.683037189653,..,107.592995375398,83.8938934511244,..,..,2.74000000953674,0.165999993681908,101.003013922614,13.9982665941142,2.51668651639507,20.2288541979265,67705.9493287962,..,13.0204965040938,2.32146635303879,90.6000073180483,..,..,62.0183337934548,214.734910155894,29.6937435776704,20597,..,0.345999985933304,9269612,110.880526315789,8.9,..,14.035,36.8470802307129,3.10899996757507,4,..,24.6591658852604,445,..,1.5,8.2,12,3.2,1.6360000371933,96.890998840332,..,..
United Kingdom,GBR,100,1180312,129.492222872419,..,165.786622700122,134.255550954485,..,..,2.44199991226196,1.12399995326996,28.2552280306075,38.2887885668414,10.0273704206509,6.52305085998219,39309.3270821404,..,..,21.8337221434488,94.7758006318882,..,80.3992004394531,..,119.977347434222,15.7421014439638,663616,..,12.6750001907349,65595565,271.134481048237,0,..,17.114,..,15.4980001449585,8,46.596265851625,50.9407788653391,437,..,21.5,4.5,110,1,4.80999994277954,84.5019989013672,..,..
United States,USA,100,9640591,..,..,241.891277885599,192.165499849647,..,..,3.67300009727478,1.6599999666214,11.8906224202293,33.0023993914823,2.57411282734144,7.71591955385221,53399.3591673623,..,..,19.9587212229637,76.176736982841,..,69.4046020507813,146.861593252964,122.875872294896,..,..,..,6.12099981307983,323405935,35.3548798459019,0,..,18.138,..,9.85999965667725,10.6,92.257875306214,37.7211959149307,420,..,15.2,5.6,175,1,4.86999988555908,90.1399993896484,..,..
Uruguay,URY,100,..,81.9801448807381,468.571083125803,35.0316832544422,28.0179250933594,..,..,4.14300012588501,8.22399997711182,21.4275434636214,26.7645294462321,-0.719540958974943,0.495635981496509,20093.6322583515,..,14.2258155702952,9.70701474724337,66.4,..,80.6361999511719,..,148.569311435578,2.06647905152635,4571,..,22.94700050354,3444006,19.6777853959547,100,..,4.85599999999999,..,27.9419994354248,20,47.2192502766753,32.3334512193068,725,..,66,6.5,271,1.8,7.84000015258789,72.0579986572266,..,..
Uzbekistan,UZB,100,21486,21.5977426781848,67.9269497618615,..,..,..,..,2.68899989128113,21.9500007629395,18.930163653399,8.7333542257645,0.0991572709893322,..,6038.92829875491,..,20.5000000000005,..,46.7912869407806,..,..,..,73.9833391606362,1.00701754022634,21395,..,19.5480003356934,31847900,74.8657733897508,0,..,49.35,8.43661022186279,27.9160003662109,58,29.2311328319183,10.8530010768983,225,..,46,5.5,202,2,7.51399993896484,72.0839996337891,3,..
Vanuatu,VUT,57.82,9037,..,..,60.8736783641721,68.5152271531507,..,..,1.27100002765656,62.5870018005371,..,1.65901139784469,..,..,2856.47531029292,..,..,..,24,..,..,..,80.8437067773167,1.52068126520681,245,..,63.8899993896484,270402,22.1822805578343,0,..,74.938,..,74.4749984741211,31,0,1.68452896058461,430,..,58,18,120,2.6,5.26700019836426,25.5249996185303,3.5,..
"Venezuela, RB",VEN,99.6038360595703,64058,..,..,..,..,..,..,3.44099998474121,9.83399963378906,..,8.27462363286777,..,..,..,..,..,..,60,..,..,..,87.4326422186088,..,..,..,27.8090000152588,31568179,35.7895572813333,0,..,11.835,..,34.2760009765625,70,..,24.2662619215381,720,..,52,230,792,4,7.14599990844727,65.7239990234375,..,97.1270904541016
Vietnam,VNM,100,248580,24.5019574482686,..,140.062030757062,123.814874699433,..,..,2.8510000705719,41.8650016784668,93.6239390610103,9.61126910497758,6.13807236804847,2.03132196265522,5837.62870356959,..,..,..,46.5,..,87.3864974975586,32.3445655385717,127.526084849389,..,..,..,39.8790016174316,94569072,304.992653271842,41.8,..,65.49,28.2598705291748,58.7509994506836,31,..,5.91950082792395,400,..,57.5,24,540,5,2.09999990463257,41.2490005493164,..,..
Virgin Islands (U.S.),VIR,100,..,..,..,..,..,..,..,5.70300006866455,2.81399989128113,..,..,..,..,..,..,..,..,59.60831579895,..,..,..,..,..,..,..,23.5739994049072,107510,307.171428571429,..,..,4.52,..,30.5699996948242,..,..,..,..,..,..,..,..,..,7.23799991607666,69.4300003051758,..,..
West Bank and Gaza,PSE,100,..,22.711191340784,134.124190135073,..,41.9141948509203,..,..,3.23799991607666,8.31799983978271,17.7346432588245,6.69003831377637,2.2082538031084,0.163515884810308,4738.01542623788,5.72992992401123,..,0.593923311335099,61.17838482746,..,72.7761993408203,25.250973878457,77.5082164316108,..,..,..,31.0049991607666,4551566,756.074086378738,17.2,..,24.372,42.7609596252441,42.9869995117188,28,..,9.01746193931791,540,..,51,43.5,162,..,26.8899993896484,57.0130004882813,..,96.9302291870117
"Yemen, Rep.",YEM,71.6423492431641,4538,..,..,..,..,..,..,13.3339996337891,35.9620018005371,3.57573692107742,1.56031277745716,-3.08016185948595,..,1479.14700530618,..,1.49986891468022,..,24.5792083636211,..,..,..,59.5741303186718,..,..,..,29.2409992218018,27584213,52.2457961626608,1.3,..,64.606,..,53.4809989929199,44,..,4.22643198122056,645,..,19,40.5,248,3,13.7290000915527,46.5190010070801,2,..
Zambia,ZMB,27.2193374633789,8094,11.1525244935673,24.4350055350989,27.0436322870934,15.4421205069544,..,..,0.354000002145767,53.3209991455078,35.3246675119622,0.191569241636777,3.16307184259788,..,3652.15192618377,..,..,..,25.5065788475702,..,..,..,72.4293383495898,1.11835750888973,9534,..,42.7179985046387,16591390,22.3185541909361,0,..,57.562,..,77.9710006713867,26,45.1474097211941,0.611202557471074,611,..,45,8.5,185.5,1,7.77699995040894,22.0289993286133,3,..
Zimbabwe,ZWE,38.1451377868652,4231,6.01007432106493,218.826911655182,..,..,..,..,0.662999987602234,67.4300003051758,24.6578932883619,1.05779672307036,2.06386661053657,0.372328622664921,1879.6281185511,..,9.02435964889543,5.20645305938165,23.11998904,14.4,..,..,79.7438843785669,..,..,3,57.0550003051758,16150362,41.7483830942226,0,..,67.704,..,65.8870010375977,51,..,1.89296066552564,410,8.1,36,91,242,3.3,5.0460000038147,34.1129989624023,2,..
,,,,,,,,,,,,,,,,,,,,,,,,,,,,,,,,,,,,,,,,,,,,,,,,
,,,,,,,,,,,,,,,,,,,,,,,,,,,,,,,,,,,,,,,,,,,,,,,,
,,,,,,,,,,,,,,,,,,,,,,,,,,,,,,,,,,,,,,,,,,,,,,,,
Data from database: Jobs,,,,,,,,,,,,,,,,,,,,,,,,,,,,,,,,,,,,,,,,,,,,,,,,
Last Updated: 06/29/2022,,,,,,,,,,,,,,,,,,,,,,,,,,,,,,,,,,,,,,,,,,,,,,,,
